-0.1208350048,0.1859096931,1
-0.09812550459,0.6999098824,1
0.5904431126,0.4238709321,1
0.1419712535,0.4136522724,1
0.1147455204,0.432479762,1
0.05100141546,0.6922578692,1
0.1358977373,0.4471968961,1
0.1471093741,0.5554516456,1
0.2393762181,0.8007071362,1
-0.2296741484,0.3176986232,1
-0.1823968551,0.4212420257,1
-0.01963372367,0.2410700387,1
-0.2124168025,0.1745182442,1
0.3474802329,0.5519865015,1
0.04491964196,0.2539905396,1
0.06760583146,0.4309085809,1
-0.06133108799,0.2629673893,1
0.07075725885,0.3996833081,1
0.03989189193,0.2112586158,1
0.2635481957,0.0398207295,1
0.05782241421,0.2473501047,1
-0.2332077967,0.5260057285,1
-0.1536915919,0.6204804941,1
-0.1623010331,0.5569442382,1
0.01814838615,0.5254640421,1
-0.2726900933,0.4831473639,1
0.08761865288,0.741992998,1
-0.06201386702,0.4537767413,1
-0.1351706274,0.5644642328,1
0.001197935622,0.2836748164,1
-0.1875540882,0.4909344689,1
0.01685906732,0.7708517778,1
0.1224924429,0.2048385169,1
0.008863744629,0.7249422181,1
0.08653887057,0.3254941353,1
0.1066234794,0.5483811877,1
0.01475638972,0.6560610314,1
0.172509528,0.4366538899,1
-0.06280464075,0.733794432,1
0.1507289534,0.9541527476,1
0.2988835116,0.5055643956,1
0.1757474727,0.6721392057,1
0.08909012777,0.4670604241,1
0.1313266117,0.4458380472,1
0.4309203776,0.6384312283,1
0.1624358914,0.6766311452,1
0.3370813117,0.6777128453,1
0.1999841934,0.5285027384,1
0.1086847093,0.8918457271,1
0.141573996,0.6164658147,1
0.1801545022,0.4901056762,1
-0.07146121214,0.5946127422,1
0.1170097007,0.11677236,1
0.1156491527,0.4982722551,1
0.01153570881,0.9721425179,1
-0.07802170217,0.5953942131,1
0.3356194359,0.514385976,1
0.1408482027,0.4829125736,1
0.3565885734,0.5081162429,1
0.3899982825,0.5702611853,1
0.07782101761,0.4398839657,1
0.2605437469,0.5309470741,1
0.2638027963,0.5939010492,1
0.08055269662,0.547432852,1
0.2389245779,0.3777926603,1
-0.08520770128,0.6343686098,1
-0.5017744543,0.4969014343,1
0.2576393632,0.2954070722,1
-0.03271425743,0.3004878972,1
0.3512884832,0.4232008981,1
-0.02538110839,0.4304419847,1
0.007930641959,0.5447678272,1
-0.2693578109,0.3278487677,1
-0.1147801307,0.4325824352,1
0.2494464491,0.2278640356,1
0.08535517538,0.3220456868,1
-0.2036288652,0.557442867,1
-0.1346567526,0.4945652937,1
0.3309026275,0.5462299118,1
0.3718124369,0.3826142691,1
0.1551324461,0.6572318484,1
-0.1820573248,0.6143371359,1
0.1458368236,0.5242169195,1
0.5149295048,0.1856814744,1
0.1550343861,0.6582541083,1
-0.2047439717,0.6987592483,1
-0.0357145861,0.1276384181,1
0.2622298847,0.6190701619,1
0.5393042504,0.1488531588,1
0.3185975644,0.5839032135,1
0.1034322272,0.5538773507,1
0.06493653434,0.5291941296,1
0.2810208625,0.7213852329,1
-0.1548867031,0.4522202421,1
0.4996259498,0.5637309346,1
-0.2108607168,0.7202247793,1
-0.0474665594,0.7105557496,1
-0.1460756041,0.6794538969,1
0.3783285232,0.6291170474,1
0.1690504214,0.7276018004,1
-0.2915149436,0.1294706954,1
0.2569484571,0.8759280078,1
-0.3268595613,0.3049653848,1
0.2916848345,0.2784409796,1
0.06691326983,0.6444227694,1
0.4773842096,1.149761598,1
0.4646311197,0.5130030079,1
0.202139995,0.5826911365,1
0.2586580937,0.5140033563,1
0.2609833627,0.4863745697,1
-0.04764186098,0.2903875922,1
0.05933576884,0.2787731716,1
0.4697944886,0.391170934,1
0.003953997044,0.4803998602,1
0.03380942811,0.7004546602,1
0.1751053827,0.4962490037,1
-0.1047659675,0.2582435414,1
0.2268182352,0.6496452602,1
-0.06502190385,0.4199863018,1
0.1776057821,0.5621542802,1
0.1122774519,0.6013414779,1
0.2932052271,0.598025342,1
-0.001985088185,0.6045642745,1
-0.04389539604,0.701051126,1
0.5357297651,0.5689442573,1
-0.1669999108,0.4861702262,1
-0.05949490739,0.5368161062,1
-0.2711453457,0.4750279587,1
0.2258801657,0.4627325692,1
0.3134501168,0.6786729574,1
-0.02865717328,0.5575584124,1
0.242184142,0.5564510953,1
-0.1876628533,0.5841686626,1
0.01475807001,0.540836212,1
0.2281463783,0.6482186337,1
0.2569000955,0.863031943,1
0.1893326705,0.6074863521,1
-0.1552770667,0.392313455,1
0.1574955456,0.6136212823,1
-0.1225807936,0.1103992177,1
-0.06473401557,0.5458258879,1
-0.09269881982,0.4846391949,1
0.2593446914,0.9287898196,1
0.3138565977,0.3123284915,1
0.4222833302,0.403286865,1
-0.07165503854,0.3602405451,1
0.1102634479,0.2661491707,1
0.09498477759,0.4753866458,1
-0.02178028282,0.4192480649,1
0.3302630128,0.6880028233,1
0.3508120489,0.3400353346,1
0.2825334886,0.1534683363,1
-0.1191830584,0.7066381528,1
-0.01643231987,0.2805215816,1
0.05091193327,0.5445315588,1
0.238124237,0.5494949047,1
0.04839553629,0.4769523099,1
0.1949458029,0.3122469092,1
-0.2301299901,0.5586235845,1
0.2257622051,0.6405765318,1
0.1949113115,0.4949712419,1
0.2371300225,0.6478720645,1
0.2798845982,0.3265882899,1
0.05714631737,0.9638590848,1
0.1223915219,0.7581546436,1
0.06820372797,0.2374675496,1
0.2174405645,0.8835687497,1
0.2125072276,0.8677877665,1
0.1995543317,0.484078117,1
0.177789421,0.4096072862,1
0.2718933856,0.4280626275,1
0.4486391684,0.6715009933,1
0.2997161528,0.5795654381,1
-0.0878155727,0.460884911,1
-0.004054042864,0.7032881234,1
0.4099372061,0.5356600021,1
-0.02128622444,0.2952838915,1
0.3547857991,0.2231127864,1
0.1643641567,0.7431193027,1
0.03071873677,0.727511714,1
0.0869669071,0.5013013584,1
-0.07974094933,0.5246622917,1
-0.1233813913,0.5423623461,1
0.08562903535,0.4615691853,1
0.1276323461,0.6687587405,1
0.3701978931,0.248000256,1
0.2854919481,0.3986924108,1
-0.2857173997,0.4721217645,1
0.1193408558,0.6461755733,1
-0.1128500404,0.9031765402,1
0.05914962013,0.6675718466,1
-0.09229387562,0.7674880843,1
0.3293668155,0.3856716556,1
0.2308086756,0.692484168,1
-0.112857156,0.5903786308,1
0.1282836613,0.09195811164,1
0.2127022527,0.2654917304,1
0.3767903783,0.4359553332,1
0.08693450566,0.5516086224,1
0.1579965909,0.478062085,1
0.1512490655,0.4085209335,1
0.08297052775,0.6500021207,1
0.03721566289,0.5895665871,1
0.0431874561,0.6481670321,1
0.0426680992,0.861089593,1
0.08938550042,0.8781662931,1
-0.02761794222,0.3373761736,1
0.006801617969,0.6047940778,1
0.2347857216,0.7401831583,1
-0.1436878783,0.3412165024,1
0.03259669016,0.7079732529,1
-0.2067887656,0.7058694569,1
0.2450789351,0.4399601025,1
0.4412250488,0.6671645719,1
0.3320855046,0.4922439643,1
-0.1180841428,0.4026908664,1
0.1338028912,0.8950555194,1
0.04838734156,0.3576511045,1
0.05372867545,0.5338456134,1
-0.1863312957,0.6226352331,1
-0.2027432629,0.426114385,1
-0.4236356943,0.573366249,1
0.08360642153,0.3173801307,1
-0.3245487028,0.5433928492,1
0.4746903058,0.7849780149,1
-0.05379971259,0.7443326431,1
0.08424792615,0.6642198432,1
-0.06373612633,0.408434655,1
0.0751097927,0.6654132473,1
0.6380670188,0.680957641,1
0.08998603868,0.4082444966,1
0.216620957,0.5290359578,1
0.289209132,0.3933049182,1
0.355348132,0.6082927897,1
0.2159147673,0.3908474737,1
0.1044554263,0.2002737919,1
0.0532777928,0.8655635011,1
0.3430921602,0.7331608208,1
0.07750822895,0.2751002692,1
0.2645462791,0.1856032078,1
0.02595128536,0.3203392011,1
0.2030670837,0.4790482996,1
0.3262794029,0.3749002976,1
-0.05748591391,0.5112775367,1
0.0410107153,0.4635204613,1
0.3443072196,0.5050157305,1
-0.06384590161,0.3845335083,1
0.2208751153,0.6030742815,1
0.1193542103,0.5691386484,1
0.370947165,0.5162797318,1
0.08837043447,0.420279166,1
0.1959116973,0.7281727202,1
0.1287097567,0.973230542,1
0.2160248357,0.5618594874,1
0.06423117176,0.2229536861,1
0.06145378466,0.4256834588,1
0.1472094804,0.6858121855,1
0.674485938,0.6680312652,1
0.01564047328,0.7403690389,1
0.04431949801,0.5806115824,1
-0.06029218281,0.2098135506,1
0.06975841897,0.5906716144,1
0.4246879437,0.3701720282,1
-0.2336313092,0.2076873529,1
-0.09005822452,0.5613235356,1
0.1180761872,0.545377926,1
0.06742108206,0.2223332873,1
0.1627922826,0.4048017891,1
0.1431326074,0.5784564104,1
0.2622455428,0.3621786251,1
0.2935544187,0.1276458277,1
-0.004433659507,0.2719724054,1
0.5941075982,0.6059169777,1
0.1488297616,0.5525895743,1
-0.07307909565,0.6300619577,1
0.09716748588,0.3482223401,1
0.2049910217,0.7566213598,1
0.0006861863283,0.6143462022,1
-0.1997629958,0.4164246712,1
0.1424704357,0.3972530145,1
0.2040808776,0.5836401689,1
-0.0705639399,0.5184705245,1
-0.1704381967,0.433981336,1
0.08962762045,0.2126463822,1
0.141035528,0.4637913781,1
-0.03321183868,0.2833967219,1
0.1078944767,0.5469819267,1
0.2966937651,0.6077261952,1
0.306253832,0.5601636725,1
-0.2255137758,0.8738893283,1
-0.124197207,0.798133582,1
-0.05864512964,0.4765550388,1
0.1341167498,0.6010952072,1
0.280596615,0.4440809741,1
-0.1394474724,0.3822469278,1
0.1966404191,0.5492744491,1
-0.04469014526,0.7068860736,1
0.1314976464,0.8093632517,1
-0.08507103841,0.6087305772,1
0.004275918583,0.6401076883,1
0.2607315814,0.4474460982,1
0.5066845982,0.4714033979,1
0.04166159431,0.6068883579,1
-0.1277480373,0.6333447268,1
0.4041946587,0.4163438828,1
0.1548655306,0.4484440481,1
-0.06316194452,0.03089606285,1
0.4174898232,0.5300761275,1
0.01867676458,0.3333286056,1
0.0342307983,0.6145025456,1
0.1886113856,0.6241833991,1
-0.09023273364,0.3238904477,1
0.06617014625,0.3007379754,1
0.4130289324,0.2972566804,1
0.06879930399,0.5689084468,1
0.3953058669,0.1712750195,1
0.1403414699,0.5720570379,1
0.05350418518,0.2740179128,1
0.05785940032,0.4302381475,1
0.1848519604,0.7131805982,1
0.1678278726,0.5548791681,1
0.003181923803,0.1797648271,1
0.1081590517,0.316692444,1
-0.02666215415,0.6493673505,1
0.3811567813,0.5302224411,1
0.3327167946,0.4411185645,1
0.172216606,0.5856977214,1
0.2304785949,0.5936224041,1
0.04515078948,0.7389482549,1
0.2574604012,0.6766852624,1
-0.2277069084,0.9822793797,1
-0.004235318067,0.8176840519,1
0.3867007643,0.4597452036,1
0.07762152971,0.2109633816,1
-0.06183041579,0.5854493203,1
0.07089240872,0.4879675817,1
0.004806185616,0.4893086357,1
0.1223175031,0.401869892,1
-0.3317056966,0.08785627801,1
0.07124160435,0.4966810836,1
0.1716356301,0.5450314412,1
0.0860030299,0.2764583853,1
0.2711908754,0.5700647527,1
0.07109604306,1.003967744,1
-0.09660582015,0.6179902811,1
0.1250900939,0.306728266,1
0.1555174553,0.4704969566,1
-0.186941041,0.709323306,1
0.09575666627,0.7072998919,1
0.1492861299,0.2742629248,1
-0.06155000638,0.3146564767,1
0.0562355701,0.4863220881,1
0.1216611572,0.4062409183,1
0.123490195,0.3992908588,1
0.2748655409,0.4677989965,1
0.1618227187,0.4383807232,1
0.00638724385,0.4068996548,1
-0.05883605002,0.6504627021,1
-0.2595123559,0.3469386576,1
-0.02663081989,0.3435299036,1
0.3571377494,0.6013127199,1
0.3258402495,0.3669771365,1
-0.05493133494,0.3966414482,1
-0.07970507184,0.4019875885,1
-0.07994735704,0.4444428056,1
-0.1473049838,0.451919599,1
0.3063985421,0.5216457111,1
0.04605978201,0.5993010243,1
-0.01312031784,0.01457685483,1
0.2006388214,0.4008019999,1
-0.1781601475,0.1306585413,1
0.2295316197,0.9014244772,1
0.1491195542,0.1504569379,1
0.06927750207,0.4702877299,1
0.1594290051,0.3292856052,1
-0.07960642697,0.4012155938,1
0.1976490626,0.5162827043,1
0.2942029079,0.4668112188,1
0.3915273027,0.1779468847,1
0.0610856767,0.5766936049,1
0.1910225896,0.5358494548,1
0.1354008835,0.2086868907,1
0.4526569515,0.7280136672,1
0.1905274128,0.2396958933,1
0.1068281993,0.2361728263,1
0.186071426,0.5599245103,1
0.2582981753,0.6211632865,1
0.2930854614,0.5396945413,1
0.2723152303,0.6253013599,1
0.2134977537,0.1742233647,1
0.1201065635,0.3921936956,1
0.3194402518,0.5165027133,1
-0.02604667187,0.2762211672,1
0.1515136452,0.6672155685,1
-0.08003681807,0.4338515362,1
0.09401588865,0.52711947,1
0.05562594817,0.649273697,1
-0.01473346643,0.3789709243,1
-0.2240299316,0.2899999458,1
-0.07484836781,0.5451757255,1
0.2631423071,0.7224261657,1
0.1028268049,0.03775473145,1
-0.02860758687,0.1299249609,1
0.009072797082,0.5976360688,1
0.3613956663,0.5820924477,1
-0.07712892187,0.6660277782,1
-0.1089104789,0.7279604663,1
0.1460940071,0.2560353208,1
-0.02593149428,0.9718074404,1
0.02181046939,0.46858526,1
0.05455270998,0.2840515763,1
0.2855970822,0.3669614473,1
0.280927353,0.7822823788,1
-0.1979360794,0.6129690449,1
-0.2867331442,0.5560965943,1
0.0055510997,0.4633917808,1
0.4345851073,0.8696323365,1
0.05137395026,0.7765155658,1
0.2870303157,0.4604164986,1
0.2214468945,0.531613564,1
0.1591327331,0.3109259479,1
0.2249249628,0.4347811871,1
0.3843776333,0.5307961201,1
-0.01917668163,0.2384971087,1
-0.05616362686,0.5362050726,1
0.2834198332,0.3031506142,1
0.03360988222,0.3908202064,1
0.1462816428,0.5647728584,1
0.4014642146,0.3000807983,1
0.425189243,0.5119367388,1
0.3847353656,0.4125679426,1
0.3749001303,0.2569204716,1
0.4112844541,0.549246029,1
0.3235833284,0.6452366943,1
0.3364632368,0.8416085183,1
0.2531593086,0.8223940554,1
0.2072396907,0.366917425,1
0.1134351892,0.1678662323,1
-0.03972572968,0.3687489645,1
-0.1175912833,0.6567491029,1
-0.001146393711,0.2439926534,1
-0.1808676764,0.6534392832,1
-0.1379027326,0.2675458754,1
0.00316028661,0.6175427182,1
0.04866039233,0.4115134823,1
0.1660496672,0.7067727086,1
0.02638997743,0.4354087876,1
-0.1845075976,0.5485228607,1
0.4918089886,0.6289953377,1
0.2351709228,0.3302484209,1
0.2680720251,0.490187114,1
0.0007871669516,0.5175037262,1
0.4803636978,0.3039032434,1
-0.153172146,0.4410710155,1
-0.06773947889,0.5917866323,1
0.006564663773,0.3188103293,1
0.08111883386,0.68154636,1
-0.05871255354,0.7047592809,1
0.3540447806,0.6038477869,1
0.290111987,0.3480274849,1
0.2813981386,0.5266679628,1
0.1499691774,0.4687313145,1
0.3451496699,0.5083163719,1
-0.05747546806,0.6994544053,1
0.1607902755,0.4378452372,1
0.4829192723,0.5326499278,1
0.5278027482,0.7104897424,1
0.2993146378,0.8937124039,1
0.03095861296,0.3279431961,1
-0.2422163156,0.6168205299,1
-0.1431120915,0.5860608272,1
0.1734490505,0.5575804176,1
0.2977732013,0.3555568406,1
0.05625706407,0.2459346486,1
0.4225212655,0.6042728323,1
-0.03842863306,0.2056354476,1
-0.03095289035,0.3729767548,1
0.5081118222,0.2604385442,1
-0.04378807451,0.4167020634,1
0.248141253,0.6714441107,1
0.09047001003,0.2631690739,1
-0.1846816873,0.4175588801,1
0.2231736806,0.7316487914,1
-0.2307679695,0.62319322,1
0.02991541765,0.4736585112,1
0.2494312643,0.5865040956,1
-0.1041711116,0.6997387059,1
0.1735117134,0.5840272106,1
0.1364613025,0.3439801987,1
-0.2073882545,0.7208058718,1
0.5007122876,0.7661655504,1
-0.07984855249,0.3437118694,1
0.1850976996,0.5609341273,1
-0.06653906682,0.3518689769,1
0.2957914441,0.7042799171,1
-0.01539034652,0.4482844691,1
0.1499082151,0.9039824983,1
0.3743077385,0.4282124783,1
-0.3186271805,0.5260411423,1
0.04016254423,0.3506290368,1
0.1563536118,0.5377551506,1
0.1060022288,0.1324857435,1
0.1539197063,0.4860583496,1
0.09529490996,0.3374322652,1
0.3685237416,0.7118279544,1
0.130854698,0.4369394924,1
-0.2808979313,0.6100081182,1
-0.02415965092,0.5763389605,1
0.2125371188,0.5172138716,1
0.3394606789,1.056845318,1
-0.2679942341,0.5762106679,1
0.4591868926,0.7997375056,1
0.1264213928,0.4613616728,1
-0.1269217463,-0.01622802741,1
0.2261390841,0.4996611015,1
0.2116171435,0.3201694049,1
-0.04456234225,0.5598604763,1
0.3097660482,0.5566036855,1
-0.1170698915,0.6221811481,1
-0.07151211672,0.5262094758,1
-0.0561896516,0.5453077951,1
0.1712166547,0.5415228078,1
0.2893903176,0.3693581503,1
0.1185542415,0.6772481376,1
-0.1220804429,0.4870923487,1
-0.182576637,0.3345629093,1
0.06748799781,0.5783273477,1
-0.04917154202,0.7561584167,1
-0.282388586,0.6041384922,1
0.1663520851,0.4002509506,1
0.294952357,0.3006610493,1
0.2194266978,0.1975722932,1
-0.07022317266,0.3563137227,1
-0.2862600738,0.4368509783,1
-0.09277679646,0.6678733085,1
0.444035573,0.6275400073,1
0.2561306981,0.6612779589,1
-0.09244459573,0.3667892217,1
0.1364506826,0.7215053469,1
0.4338068541,0.6489484917,1
0.02318916969,0.3282262981,1
-0.09583040648,0.4681521259,1
-0.05683175055,0.6331708012,1
-0.2941846194,0.514712011,1
-0.008696361442,-0.005549200815,1
-0.09972331569,0.36106033,1
0.1404704205,0.4702760135,1
0.2230616184,0.4480522962,1
0.1634757963,0.7577540486,1
0.1017472574,0.6428582837,1
0.2064185104,0.6684149077,1
0.07301443071,0.7175246342,1
0.1482242821,0.4823916268,1
0.1085673046,0.4805998737,1
0.4202215264,0.6514662723,1
-0.03520033417,0.5551168241,1
-0.01355326365,0.5376029233,1
0.03017714873,0.6117533666,1
-0.06051777671,0.363161409,1
-0.02688584667,0.4823465062,1
-0.1749367668,0.9361077376,1
-0.1456650917,0.6512622221,1
-0.01373058613,0.6757992407,1
-0.07906495122,0.4163036721,1
-0.08821964056,-0.001246002988,1
0.5477175391,0.6487980912,1
-0.3052112861,0.271509705,1
0.01958973726,0.8019034852,1
-0.2928082332,0.6328229508,1
-0.04892536274,0.6156321791,1
0.1372474043,0.1858325538,1
0.3168219256,0.5215892575,1
-0.02010421735,0.3664992873,1
0.4638716912,0.5496875842,1
-0.04222646446,0.01836355338,1
-0.09983434818,0.6946830295,1
0.07395218913,0.4639250182,1
0.02663131567,0.8353152672,1
0.04511577679,0.5710375686,1
0.01688801363,0.1926500685,1
0.06749887209,0.5151204012,1
0.104867009,0.7025775502,1
0.09518745207,0.5663366039,1
-0.3277089627,0.3651152716,1
0.06993417844,0.6716353715,1
0.07983665191,0.7355321497,1
-0.1576462677,0.3879915614,1
0.2766912583,0.3527237982,1
0.1385056058,0.5840817329,1
-0.1385988142,0.1868904135,1
-0.0414266616,0.4394977064,1
0.08084924301,0.506833832,1
0.2618596901,0.4476255399,1
0.284774215,0.2543729145,1
0.08348076054,0.2255689771,1
0.09122475826,0.2566382359,1
0.03073511019,0.2791230496,1
0.3812440063,0.5504227534,1
0.1633103748,0.7749693731,1
0.2890799274,0.4452320851,1
0.1235932027,0.5293078334,1
-0.1277168967,0.2417975987,1
0.0122336143,0.4805631162,1
0.3083172622,0.5040882931,1
-0.01318433816,0.4649117216,1
-0.3016582583,0.4007638123,1
-0.1808378684,0.4278236511,1
0.132097361,0.4811868358,1
-0.03278483885,0.1766435148,1
-0.07965929078,0.1827889389,1
-0.2242783493,0.5834854659,1
0.5162600305,0.7005001133,1
0.05438963223,0.3932708096,1
0.03897710523,0.2418214152,1
-0.1264591534,0.4043065671,1
0.04932109922,0.3718757209,1
0.06443295793,0.5329040288,1
0.395687409,0.5341109733,1
-0.05885926311,0.6590686869,1
0.3987872188,0.3360617744,1
-0.1761293815,0.4775404507,1
-0.03022702838,0.3915216251,1
0.1435355713,0.6848024692,1
0.2983984994,0.2661624086,1
-0.07915708462,0.3926392197,1
0.07311747897,0.7363420065,1
-0.1136589264,0.5644856631,1
0.1605083139,0.6330293138,1
0.1204856159,0.5927018915,1
-0.1362446159,0.1978041446,1
0.1099872431,0.3502540241,1
0.1910669451,0.4224190932,1
-0.2787679027,0.723686563,1
0.3860279484,0.5791585984,1
0.2566235075,0.366760109,1
-0.1269571682,0.7489623584,1
0.1204124627,0.2907094549,1
0.1939929852,0.2498902295,1
-0.06827375341,0.4376058366,1
-0.07796103524,0.8302642623,1
0.3639496812,0.3082393241,1
0.1493125364,0.6889388095,1
0.01506943579,0.5475571223,1
0.3182051518,0.2966134984,1
0.3693973742,0.1125089049,1
0.09693524529,0.6155619694,1
0.2010451884,0.5224142067,1
0.419124382,0.5526761029,1
-0.2337232092,0.5175857978,1
0.02001582136,0.6019173992,1
-0.03164789707,0.6190593179,1
-0.2018115898,0.7539799495,1
0.1276454201,0.209463188,1
0.2518045145,0.5052602014,1
-0.06399529765,0.5039053318,1
0.2880227104,0.2176034456,1
0.2398333608,0.6378589122,1
-0.03124380312,0.3462993658,1
-0.2574353969,0.3323282317,1
0.1169434114,0.4428693724,1
0.3563008359,0.4539352122,1
-0.0007689528708,0.8441144065,1
0.02929475882,0.4832805366,1
0.2397420712,0.4628424535,1
0.2317775337,0.6991123981,1
-0.07590326578,0.4904271433,1
-0.2356506191,0.6867958311,1
-0.1104366994,0.5566582447,1
-0.2374746237,0.8231135624,1
0.3634022646,0.2641778768,1
0.2682262338,0.6431547869,1
0.2294505536,0.4838569677,1
0.3095533609,0.4479045534,1
0.1275359852,0.5099882287,1
-0.03993642213,0.3494990337,1
0.03408361754,0.4977898428,1
0.2587278023,0.3533478382,1
0.485269332,0.3008913285,1
0.0001667859633,0.4052842133,1
0.07620510633,0.340151831,1
-0.08427404855,0.438394908,1
0.08302330036,0.2578128137,1
0.1792006222,0.9572696139,1
0.08362202096,0.5576709055,1
0.07981586885,0.5846561135,1
0.2266434414,0.3955440124,1
-0.2735427914,0.6193605972,1
0.02702705919,0.521286176,1
0.06771048686,0.9557435405,1
0.1983621162,0.2868774515,1
0.403522765,0.03742624858,1
-0.07017184295,0.4887931296,1
0.2165630728,0.77513412,1
0.268103183,0.6954355385,1
0.135264174,0.1645724761,1
-0.2002287068,0.3315756974,1
-0.1153179711,0.1700905222,1
-0.1370396491,0.5743701666,1
0.00517609359,0.4492907563,1
0.3447956977,0.8172845073,1
-0.09022883988,0.6403688699,1
0.07700873455,0.3120230413,1
-0.2081584082,0.4270716721,1
0.1295746457,0.4499332591,1
0.3657293791,0.9200762359,1
-0.09654471757,0.5309028513,1
0.4181568265,0.8799418733,1
0.2676101291,0.6111139976,1
0.0341448196,0.8655460339,1
0.2719307838,0.7270642649,1
0.0432835365,0.4730938753,1
0.3989636629,0.4936398796,1
0.2629327023,0.5703497411,1
-0.180315997,0.5509396713,1
0.195430015,0.5632842692,1
0.1135019871,0.5490044807,1
0.148489591,0.5785232494,1
-0.03125994353,0.6066927669,1
0.1134486127,0.7133988431,1
-0.1578885934,0.2592159418,1
0.1712327919,0.5039978947,1
0.2826068501,0.5236081609,1
-0.1464506987,0.654434384,1
0.06596963199,0.65105488,1
0.1674259463,0.1945950833,1
0.528170602,0.2125807576,1
0.1093810697,0.7848047346,1
0.06984778902,0.3424481869,1
0.2109484295,0.5950736228,1
0.1911983389,0.4380226251,1
0.1633090565,0.5487492692,1
0.5474606718,0.6221215433,1
-0.2286921087,0.4320638585,1
0.06364366916,0.3085607607,1
0.238097017,-0.0241264459,1
-0.3212299831,0.4966276743,1
0.2941531747,0.7870307449,1
0.3173320248,0.2188651482,1
-0.2582989665,0.4227980802,1
0.4369108348,0.3182686396,1
0.1098731299,0.7035579757,1
0.1447534177,0.6598831146,1
-0.1544947986,0.5756229216,1
0.1089385547,0.7877656414,1
0.03031894517,0.4715171234,1
0.1256995482,0.5073177743,1
0.09084539174,0.5817362646,1
-0.001608922241,0.4767744525,1
-0.2484005984,0.5880485697,1
0.2707544924,0.8655293732,1
-0.1035903699,0.5157123407,1
0.1213530308,0.5671490683,1
-0.3358922481,0.7006182775,1
0.4042830556,0.0760544265,1
0.2830648839,0.8511166937,1
0.09278549868,0.5908386118,1
0.2759311143,0.5464705654,1
0.1780112241,0.4901446857,1
0.3402589354,0.656174624,1
-0.1133831106,0.7265247286,1
0.1408944395,0.8585499174,1
0.1492536113,0.03403492636,1
0.1271869284,0.6443277677,1
0.1996856462,0.4485752285,1
-0.1141748197,0.4957774293,1
0.4586812684,0.3934277659,1
-0.03443460032,0.7613136127,1
0.3049217428,0.4922512681,1
0.2059478979,0.3202605193,1
-0.05725078763,0.4800818783,1
0.3530494745,0.1109098586,1
0.2478923423,0.7222050575,1
0.3367490995,0.412618161,1
0.1151435154,0.6213784809,1
0.1946921266,0.9654765261,1
0.2411681561,0.4769071551,1
0.2781725986,0.3521501394,1
0.07669102792,0.5613079472,1
0.03910375963,0.3459417752,1
-0.05346646891,0.4721296581,1
-0.2792440876,0.3870537545,1
0.1811994535,0.5524722142,1
0.1045265056,0.5136788771,1
0.1443525781,0.2095898325,1
0.1579445717,0.6451439489,1
-0.1806148953,0.4003900151,1
0.188244801,0.6902392247,1
0.05771943395,0.6781982233,1
-0.2845041073,0.7361579621,1
-0.1088532066,0.2463353346,1
0.06291241143,0.3255561448,1
0.05223079941,0.03893383625,1
0.02821645899,0.7400522812,1
0.004675546378,0.5712886356,1
0.2402576851,0.7574840152,1
-0.04894596173,0.7669880446,1
-0.1713595176,0.4608855838,1
0.0002122841137,0.7120665902,1
0.1412668476,0.02437196996,1
-0.09094166005,0.550698239,1
0.1099880198,0.3374278257,1
-0.2205337863,0.6128420975,1
-0.01491516981,0.2980888227,1
0.01325729213,0.7811656901,1
0.3797873122,0.1030263669,1
0.1171509432,0.8260257505,1
-0.1425830486,0.6141008744,1
-0.1039493273,0.4761564566,1
-0.1915661799,0.5787982886,1
0.09902621724,0.5603651557,1
0.2727553173,0.4305832801,1
0.2614470936,0.6042411335,1
0.09774175453,0.5024248676,1
0.1878541589,0.3837999977,1
0.3116376767,0.3809212234,1
0.2786480124,0.4211209611,1
0.3875502071,0.8948351264,1
0.1405549709,0.6224780398,1
-0.06544090911,0.7921285457,1
0.1366564168,0.6677572868,1
-0.1465213112,0.7235280837,1
0.2822169002,0.3603591539,1
-0.09897808379,0.4493101998,1
0.386112824,0.2636833477,1
-0.1033006272,0.3895487042,1
-0.179558539,0.799136466,1
-0.1010044641,0.4081205204,1
-0.08911264437,0.7657703884,1
0.01029058118,0.4478266921,1
0.3956417622,0.5240273585,1
0.2129146426,0.3673935303,1
0.02813677581,0.6418789828,1
0.5395755389,0.6267290545,1
0.05106619079,0.5011209568,1
0.05147551122,0.3482153948,1
0.01574839413,0.8967140288,1
-0.03518448437,0.2776428257,1
0.06405826344,0.2905514827,1
-0.1555408811,0.5117821178,1
0.07146559676,0.6877137664,1
-0.1903988271,0.3280287461,1
0.007467610939,0.4083641167,1
0.07405090415,0.4846590856,1
0.4691652386,0.3620495004,1
0.3033821527,0.7488398634,1
0.1265184448,0.08145814387,1
0.03920939668,0.401025461,1
0.1776769543,0.7684170487,1
0.1691434998,0.5815470317,1
0.1714217981,0.5973175971,1
0.4419095614,0.6918768094,1
0.2680585517,0.5924440453,1
0.2092918772,0.3893764509,1
-0.1672841515,0.5641246205,1
0.260898753,0.3455429501,1
0.03412192047,0.3062922318,1
0.4304104535,0.1748663818,1
-0.08991269773,0.6087566345,1
0.2897695269,0.6485318871,1
-0.1144492159,0.3267012404,1
0.2665063828,0.8961569037,1
0.1814425324,0.4739041805,1
-0.246163667,0.5050435257,1
0.1369051069,0.40852749,1
-0.05140068382,0.4670035242,1
0.2662461501,0.6913014714,1
0.3831108358,0.4749171421,1
0.07637944851,0.08025890533,1
-0.04340478024,0.4575845659,1
0.01917986046,0.8408498266,1
-0.09325196015,0.7957938295,1
0.1069606567,0.3004301249,1
0.1132294432,0.2218545798,1
0.1170922408,0.1224896981,1
0.4736496911,0.524733716,1
0.1893604658,0.3734701473,1
0.080766201,0.2596270791,1
-0.05365057523,0.5421284499,1
-0.05869962246,0.5576881902,1
0.08384286653,0.5898632402,1
0.4707122903,0.7290933807,1
0.1822674173,0.5749348237,1
0.1827453427,0.5046792109,1
0.2886905139,0.4934191927,1
0.1485808451,1.067515231,1
-0.1716408764,0.6945900055,1
0.2207881396,0.8017506076,1
-0.09309310494,0.4609273103,1
0.3178967432,0.673211606,1
0.09499604045,0.3060918371,1
-0.1634634934,0.4390945105,1
-0.130045047,0.8313935848,1
0.3239252656,0.3348389245,1
0.02452066423,0.482616249,1
-0.0641967964,0.4726073682,1
0.1028974893,0.4851079618,1
0.2746294966,0.4563645715,1
0.2656571883,0.5495772152,1
0.2895120704,0.3146032864,1
-0.0002819203368,0.5642868022,1
0.2489505377,0.6184257034,1
-0.0510829875,0.3498505754,1
0.2288023857,0.6561832385,1
0.2876126325,0.5662281616,1
0.1620520099,0.7282423339,1
-0.01144558944,0.6871757469,1
-0.06373697642,0.4841580846,1
-0.256629441,0.5801557591,1
-0.01080369073,0.7340437433,1
0.2233601728,0.1974944149,1
-0.01268779709,0.4777181553,1
0.003341570742,0.2485111339,1
0.001390854979,0.3386660657,1
-0.2408891408,0.2263588762,1
0.1760151389,0.7002496769,1
0.1679542664,0.8282496072,1
-0.0925338102,0.08668794386,1
0.39821029,0.3397339731,1
0.1959484563,0.5154019542,1
0.04265658756,0.4500214927,1
0.3266128781,0.5322609618,1
-0.2831486204,0.7313588404,1
-0.01029895804,0.2871265365,1
0.2458855327,0.77764997,1
0.6122363687,0.7430565624,1
0.2051325137,0.5683420595,1
0.1374652485,0.5168422842,1
-0.08130956679,0.3838250651,1
-0.1881192571,0.3207734418,1
-0.1097067811,0.586831002,1
0.06929708254,0.6425622926,1
-0.1535023354,0.6708194423,1
0.2084536095,0.3220024696,1
0.3930524043,0.5130812628,1
0.08038890541,0.424498979,1
0.2840351854,0.4129157495,1
-0.06310385661,0.3677389954,1
0.1119264746,0.5592336288,1
0.1850307558,0.5665148474,1
0.1770699083,0.7965323401,1
0.3103102022,0.443360323,1
0.1351641943,0.6810235606,1
-0.2098093678,0.5473421306,1
-0.05012575228,0.5241480716,1
0.02720633364,0.5132476676,1
0.600258144,0.4505688291,1
-0.01070444869,0.142160034,1
0.1898273453,0.4817251827,1
-0.1543706468,0.4268545623,1
0.1770780748,0.5810695741,1
0.2117121258,0.6809915719,1
-0.1642190682,0.5199915545,1
0.04247774716,0.6415284731,1
0.2314399052,0.9637577272,1
0.1145459526,0.3593389614,1
0.1670839808,0.3476198638,1
-0.1960986301,0.2657393073,1
0.1314865498,0.3818852144,1
-0.3206995051,0.4601695922,1
0.2530965805,0.4456209452,1
0.3999334116,0.7724832814,1
-0.03481245081,0.5996628545,1
0.1376470397,-0.01415778805,1
0.1706260529,0.5285419738,1
-0.06395546887,0.3067506527,1
0.1133059494,0.5091227938,1
0.03942264499,0.6101896116,1
0.2734835794,0.770860571,1
0.1059178148,0.3577179939,1
0.1167388575,0.4831576185,1
-0.1015573911,0.5014594788,1
-0.1235771243,0.3764043773,1
0.1322855748,0.2926355707,1
0.3818674513,0.536072616,1
0.3302130809,0.4188963123,1
0.07243640208,0.4344982946,1
-0.05735209792,0.4405543482,1
-0.0692227874,0.4516341371,1
0.2580286118,0.4861086682,1
0.1069327976,0.839108143,1
-0.260684306,0.6128221795,1
0.161029506,0.4078468794,1
0.2377744182,0.03995922742,1
0.006312057662,0.6551510109,1
0.1864358223,0.2719219149,1
-0.01096687991,0.3898516572,1
0.2145014587,0.60581146,1
0.3345408692,0.5531050411,1
0.06876738418,0.5300303251,1
0.203060717,0.6412454373,1
-0.02656394837,0.4697272332,1
-0.1525007351,0.5986969014,1
0.2211508508,0.7549902509,1
-0.097846797,0.5244193357,1
0.2975825471,0.5518939281,1
-0.2535020483,0.2770602508,1
0.09685169698,0.4456037118,1
-0.06056758065,0.3476002855,1
-0.1543139321,0.3049274097,1
0.2956016623,0.5447054186,1
-0.6347586031,0.2515406239,2
-0.358430689,0.1555368247,2
-0.2949525762,0.1677009523,2
-0.7995977913,0.1430701697,2
-0.5096677908,0.1057214132,2
-0.2897827854,0.122854182,2
-0.5372834166,0.183735664,2
-0.5681971443,0.2019247195,2
-0.4610763035,0.2261227192,2
-0.5270712356,0.261342466,2
-0.6101315736,0.1455233563,2
-0.5394067458,0.1819872701,2
-0.6784649042,0.1572485973,2
-0.6736382882,0.2534519178,2
-0.9795377657,0.2037221074,2
-0.7481061696,0.1709797671,2
-0.6828430417,0.1654273634,2
-0.4762815882,0.144012611,2
-0.5350146624,0.1104486672,2
-0.668414768,0.1925026385,2
-0.3280600484,0.1977647328,2
-0.2706855935,0.1978316891,2
-0.4269270918,0.207603753,2
-0.4752371676,0.1486268961,2
-0.6599149379,0.2834456914,2
-0.6858021216,0.2013152657,2
-0.1005807715,0.1689791856,2
-0.8025047788,0.1776827494,2
-0.580612407,0.2571512767,2
-0.4115774834,0.1343056491,2
-0.3817824899,0.164373642,2
-0.6191519389,0.2459453318,2
-0.8048918588,0.1596840187,2
-0.495050711,0.2211127693,2
-0.6433673612,0.1727165615,2
-0.4585297237,0.1157865856,2
-0.3970069589,0.2495963658,2
-0.7106165217,0.2255464672,2
-0.7659068707,0.2072919841,2
-0.9855518621,0.2093743789,2
-0.3774666102,0.2077345745,2
-0.8828092983,0.1406560979,2
-0.8409171503,0.1996408736,2
-0.3802520104,0.2345815962,2
-0.9854379341,0.1831274329,2
-0.4076128516,0.2232546441,2
-0.5383302427,0.1849485133,2
-0.6400279521,0.1877537172,2
-0.7502706698,0.201810156,2
-0.6610476845,0.24629516,2
-0.6844257702,0.2254077972,2
-0.8014254152,0.1537874351,2
-0.8125375555,0.3165520476,2
-0.3193363191,0.1631261995,2
-0.6145572425,0.1222283112,2
-0.7368114958,0.2521296187,2
-0.3130715929,0.1302965877,2
-0.5569321914,0.03669434253,2
-0.706282919,0.2220225697,2
-0.5675562648,0.1699042518,2
-0.6415972205,0.2540516407,2
-0.4370282592,0.1984108567,2
-0.6044994095,0.2630288955,2
-0.5018271164,0.1425683877,2
-0.772231045,0.1972664286,2
-0.5669638501,0.2032451489,2
-0.6449780273,0.1586283463,2
-0.6163451796,0.2706528934,2
-0.8730068745,0.1685717531,2
-0.9896066371,0.2022146513,2
-0.738253492,0.251845076,2
-0.6033824268,0.291569422,2
-0.7893549555,0.2354389991,2
-0.6651564675,0.2070407216,2
-0.5138964313,0.2942579575,2
-0.5521062233,0.1864215374,2
-0.4252615481,0.3175849168,2
-0.5831697236,0.1523248498,2
-0.5204658112,0.1509106223,2
-0.7023469089,0.1900852851,2
-0.9875835537,0.2709456166,2
-0.3900152622,0.2322666095,2
-0.538797754,0.1717579241,2
-0.4896147306,0.2365694883,2
-0.6912814597,0.1379751397,2
-0.4129262995,0.1431525381,2
-0.4411034626,0.2923271474,2
-0.5797293393,0.1879896641,2
-0.7601006055,0.3233328656,2
-0.7647255488,0.1731807159,2
-0.8051525998,0.2418200405,2
-0.7542185446,0.29832499,2
-0.7045802264,0.2310973595,2
-0.8515386166,0.2654889247,2
-0.7938772291,0.2130819261,2
-0.6098520919,0.1371570397,2
-0.2875332187,0.1800511795,2
-0.7692671049,0.1932180518,2
-0.4062740285,0.1978899118,2
-0.9458177082,0.1777892262,2
-0.654297695,0.1764404552,2
-0.7011048548,0.1843268787,2
-0.9455872247,0.1981558167,2
-0.5766956481,0.1386724675,2
-0.7993947285,0.2382514067,2
-0.6056832914,0.2524973018,2
-0.8233429913,0.195540882,2
-0.5902085239,0.1390939838,2
-0.7697254944,0.1806951859,2
-0.7445897827,0.2071508681,2
-0.763326298,0.2404792209,2
-0.5906491857,0.2407754441,2
-0.7239524373,0.1404551131,2
-0.8055991905,0.1686658745,2
-0.4043439818,0.2346070709,2
-0.6543649198,0.2265290779,2
-0.2083158826,0.2820886442,2
-0.3272626023,0.184328534,2
-0.8472975382,0.2184588098,2
-0.6224466093,0.3044012302,2
-0.3845823045,0.1612335524,2
-0.7772602374,0.2704632772,2
-0.8557428672,0.1190372333,2
-1.288202873,0.1175151333,2
-0.3423558461,0.2713296786,2
-0.6531349647,0.1291443754,2
-0.6009437617,0.2257992394,2
-0.4083113868,0.197290563,2
-0.8566402193,0.2773570752,2
-0.5181523458,0.1817746324,2
-0.5627924949,0.2281971854,2
-0.6167875289,0.1823048285,2
-0.376763234,0.1814972152,2
-0.5309129643,0.2383891938,2
-0.7000846938,0.2222886481,2
-0.6599663962,0.09342690248,2
-0.6373919149,0.1722804811,2
-0.6434053367,0.1657207202,2
-0.8438549021,0.2675596828,2
-0.5510050746,0.250216537,2
-0.5602336315,0.2333663383,2
-0.5434849755,0.2217547763,2
-0.9023366874,0.1675871163,2
-0.5843746198,0.27548739,2
-0.4123897805,0.1278288475,2
-0.5449116942,0.1297931297,2
-0.4373212221,0.2151404778,2
-0.411559018,0.1255797048,2
-0.3968850065,0.1279155414,2
-0.3214827456,0.1553774624,2
-0.5485015351,0.2345466425,2
-0.2548309765,0.2005320269,2
-0.6690743991,0.2220839186,2
-1.132893876,0.146245787,2
-0.6440802981,0.2378990221,2
-0.5486351812,0.159540139,2
-0.5249157046,0.2092879898,2
-0.7420359439,0.2143229614,2
-0.5106973888,0.2377433468,2
-0.7088815882,0.2745547249,2
-0.7049929704,0.1563026993,2
-0.176939708,0.2196727972,2
-0.6142212928,0.1793815694,2
-0.6827564353,0.1229706701,2
-0.4537182284,0.1659793944,2
-0.4849247151,0.1796973596,2
-0.7691646733,0.2279053384,2
-0.5435996849,0.3198987003,2
-0.4366852214,0.1541529293,2
-0.5889104153,0.2146886162,2
-0.8280341383,0.1949522736,2
-0.9940877701,0.1619485543,2
-0.6023052133,0.2410555554,2
-0.9569504078,0.1465006851,2
-0.6557885041,0.2446646121,2
-0.6709076013,0.2175381296,2
-0.7284243755,0.1371881472,2
-0.4281877272,0.1696697096,2
-0.4495359942,0.2277729592,2
-0.5809287214,0.190765189,2
-0.7629666219,0.1684946745,2
-0.4774648402,0.2147541411,2
-0.374938685,0.1806844256,2
-0.2097645726,0.1532360215,2
-0.358082938,0.2217431714,2
-0.3925635715,0.155658718,2
-0.7820425733,0.2329495668,2
-0.6154523978,0.1902063287,2
-0.5172997303,0.2204070561,2
-0.4134036393,0.1286409621,2
-0.4869223434,0.1676023656,2
-0.3641603233,0.2313409629,2
-0.637161257,0.188756801,2
-0.7084060967,0.1835037124,2
-0.6127150567,0.1772436762,2
-0.5186656119,0.1604747452,2
-0.7928420378,0.1647459726,2
-0.6297556697,0.1883557915,2
-0.5645345036,0.2730680683,2
-0.7016332869,0.2231915598,2
-0.3944002745,0.3105862135,2
-0.50104089,0.1991406784,2
-0.7035062951,0.1798861136,2
-0.8886473698,0.2057985958,2
-0.5794222546,0.1361478447,2
-0.6933537069,0.2260097882,2
-0.5272916593,0.1670180833,2
-0.3072968854,0.2063950031,2
-0.6435554779,0.1666844769,2
-0.8208442941,0.1811205544,2
-0.6437563242,0.2193384758,2
-0.6070463768,0.2378045134,2
-0.9854432188,0.1314930196,2
-0.4650178544,0.1283396298,2
-0.7777208835,0.2334593288,2
-0.9780025642,0.2265935871,2
-0.5085747294,0.1842539897,2
-1.044202262,0.1669708643,2
-0.5806728972,0.2909975465,2
-0.310635665,0.1105696374,2
-0.3889168109,0.08872380841,2
-0.3979798741,0.2691868829,2
-0.1585036251,0.1532746861,2
-0.8931154113,0.2377555622,2
-0.6218273125,0.2314380196,2
-0.3923901112,0.2047707839,2
-0.5223920486,0.1883613569,2
-0.9566237028,0.1596752843,2
-0.4165340914,0.295198731,2
-0.6129927656,0.2267122492,2
-0.5591599386,0.1823088863,2
-0.6207376387,0.158153382,2
-0.1935946262,0.1701235879,2
-0.6301540569,0.2434458737,2
-0.787833313,0.2699957041,2
-0.5506280097,0.1817292815,2
-0.4996483341,0.2196011481,2
-0.5367965161,0.2666029694,2
-0.6329928632,0.2779905718,2
-0.7366050189,0.2245285933,2
-0.5764902651,0.2498802048,2
-0.8172311475,0.1995228664,2
-0.6907129694,0.1604610078,2
-0.6338948338,0.2612406011,2
-0.4546996987,0.233348301,2
-0.5590919241,0.2597481751,2
-0.324375318,0.1960828726,2
-0.5066477356,0.288744384,2
-0.5182873365,0.2417656701,2
-0.3137278512,0.1018848023,2
-0.6342315986,0.201980564,2
-0.4489079212,0.1813686631,2
-0.4705470654,0.1267655785,2
-0.8471653637,0.1590172356,2
-0.4032371538,0.1368701517,2
-0.7091229244,0.3026108362,2
-0.6547738725,0.1454410384,2
-0.3399067018,0.1910350308,2
-0.6977004019,0.2117995814,2
-0.7948974387,0.2340686106,2
-0.5248450321,0.2147954353,2
-0.716897506,0.2853626569,2
-0.7170117564,0.1291509084,2
-0.6200058539,0.2051654123,2
-0.7273679962,0.09534376828,2
-0.793041889,0.2210483538,2
-0.6530068509,0.2728373147,2
-0.5552972889,0.2810293689,2
-0.2108754703,0.13311047,2
-0.8671174396,0.1152846966,2
-1.014435892,0.2372809313,2
-0.7882226596,0.2646185992,2
-0.4839554588,0.1918638982,2
-0.3303069867,0.1487673868,2
-1.038704677,0.2684494225,2
-0.3647934701,0.1945057729,2
-0.7144508018,0.2073493145,2
-0.4404676416,0.2352830226,2
-0.5497751529,0.2054301989,2
-0.2866907288,0.1856624,2
-0.5319784258,0.231362839,2
-0.7686549485,0.2049249831,2
-0.5155150185,0.2042448759,2
-0.3183009387,0.2576082122,2
-0.8420825155,0.223098774,2
-0.4328609807,0.230331842,2
-0.5654579663,0.2983135852,2
-0.2997947082,0.253455531,2
-0.8024444888,0.1905460452,2
-0.68219546,0.1907503883,2
-0.7072316551,0.2038518263,2
-0.4157056312,0.1836929789,2
-0.9188409485,0.2203709699,2
-0.5847166236,0.1987588489,2
-0.176400502,0.165616302,2
-0.654365762,0.2355164813,2
-0.6885597622,0.208092361,2
-0.2284545903,0.2114773679,2
-0.4410666551,0.2483467235,2
-0.4113308895,0.2082971047,2
-0.6995292531,0.2181927512,2
-0.2490539254,0.2133560716,2
-0.3395071001,0.2313437466,2
-0.8448844626,0.2145822989,2
-0.693573421,0.2429743164,2
-0.2724715669,0.1878436919,2
-0.4942946607,0.2121291606,2
-0.6656537546,0.1696371677,2
-0.4765339442,0.1850050621,2
-0.4011720318,0.1438249349,2
-0.7311485573,0.229458502,2
-0.4074573817,0.2217716868,2
-0.4653965901,0.1838680393,2
-0.8060734848,0.1793304286,2
-0.5991014089,0.1839633524,2
-0.5973048698,0.2231684266,2
-0.7750662109,0.2608427082,2
-0.5957331507,0.1477436429,2
-0.02878250467,0.2426956782,2
-0.7105943527,0.1278550823,2
-0.5262377325,0.1291034055,2
-0.368815917,0.2512845015,2
-0.4841033077,0.1768754743,2
-0.6109907907,0.1835084197,2
-0.5050099294,0.1571444514,2
-0.5881514809,0.2420911114,2
-0.5144665627,0.1200246057,2
-0.6143079564,0.1057010537,2
-0.2261526619,0.3155278821,2
-0.4896037577,0.1339185586,2
-0.6607560788,0.1644715331,2
-0.8896408616,0.116573583,2
-0.6344816661,0.1605625311,2
-0.4737643697,0.2124023729,2
-0.1072314526,0.1881395348,2
-0.7265733242,0.2031417744,2
-0.5685695702,0.2435561946,2
-0.8027641579,0.2218087203,2
-0.3425574928,0.2510405753,2
-0.6456176702,0.1975248043,2
-0.4683399463,0.1967329631,2
-0.6628583415,0.2642528635,2
-0.9338286386,0.3067890646,2
-0.9416084926,0.2440117431,2
-0.3285703992,0.2029096778,2
-0.5371950453,0.1595361852,2
-0.4323100885,0.127368073,2
-0.5488249265,0.2293466893,2
-0.7559255876,0.3010431958,2
-0.5499518776,0.1390497421,2
-0.5255925636,0.200538601,2
-0.452469958,0.2255924275,2
-0.3883244688,0.2304666973,2
-0.5942096425,0.2137273627,2
-0.4771448544,0.2043593046,2
-0.5533325878,0.185555976,2
-0.6081290204,0.04320098143,2
-0.4628786422,0.1359004519,2
-0.3555290334,0.1073991673,2
-0.5723413832,0.1944685057,2
-0.5015007188,0.2144369253,2
-0.3742668746,0.1891443406,2
-0.5402102679,0.2185693945,2
-0.669379612,0.2423046003,2
-0.8763886496,0.08943761065,2
-0.8400469931,0.2102512911,2
-0.399550817,0.1980938937,2
-0.3183680871,0.1872145716,2
-0.478349479,0.2317216306,2
-0.3386398183,0.2979246126,2
-0.4777862686,0.1874785877,2
-0.2330722245,0.1614556573,2
-0.8712817353,0.1699341896,2
-0.6555833535,0.2280055638,2
-0.5376297909,0.1856932446,2
-0.6941034851,0.1699064481,2
-0.7888888136,0.2354160786,2
-0.6281916542,0.2018806261,2
-0.6522351873,0.1469632138,2
-0.90151409,0.2387981832,2
-0.4286615181,0.1931209083,2
-0.4683668558,0.1513218378,2
-0.48847241,0.2372632073,2
-0.4290617141,0.2473839162,2
-0.9037521302,0.1921959049,2
-0.3371368719,0.2710783933,2
-0.5391222964,0.1867908815,2
-0.3277698542,0.2831040505,2
-0.5822227108,0.1763526958,2
-0.4064558129,0.1934156745,2
-0.1288617535,0.174280177,2
-0.4473844892,0.1480920771,2
-1.100857678,0.3178695655,2
-0.8157250472,0.2649185672,2
-0.7474606699,0.1458649657,2
-0.8093238265,0.3466373546,2
-0.4848737788,0.1857466812,2
-0.5206218552,0.1381058409,2
-0.5193765166,0.1574225012,2
-1.165006496,0.1828925469,2
-0.6928933659,0.2671573187,2
-0.7531914496,0.1872606542,2
-0.2928023347,0.07606489241,2
-0.3559256683,0.1788804458,2
-1.127669374,0.1863173749,2
-0.8429013431,0.2140619565,2
-0.3457427319,0.1897326359,2
-0.5346903696,0.1050493107,2
-0.7212485119,0.2522576167,2
-0.533733954,0.2188299742,2
-0.7367873493,0.2020904407,2
-0.6057916792,0.109662475,2
-0.3686971896,0.1699507894,2
-0.5066670365,0.211655422,2
-0.4667477481,0.2495585595,2
-0.5475501483,0.1978632986,2
-0.6900188702,0.1993395642,2
-0.6099282733,0.1834452593,2
-0.655957226,0.2049750251,2
-0.7021939275,0.1966645276,2
-0.3098207218,0.1903873571,2
-0.5660951984,0.1888260353,2
-0.6084975868,0.3071263695,2
-0.7647421427,0.1643785512,2
-0.3893187371,0.2066705252,2
-0.6855751458,0.2381784375,2
-0.4340115144,0.111629433,2
-0.3372803227,0.2352363846,2
-0.6124745183,0.2207164105,2
-0.7969045007,0.2638132785,2
-0.2794230115,0.1300213988,2
-0.6972290606,0.1285325356,2
-0.5052988516,0.1419212277,2
-0.9008597383,0.2618828579,2
-0.4777660619,0.2380729692,2
-0.5235184651,0.1075035626,2
-0.7467038679,0.2567535773,2
-0.5759662996,0.1410290294,2
-0.7560804343,0.2194755566,2
-0.722990587,0.1767442759,2
-0.446078343,0.164406207,2
-1.107854493,0.1770435674,2
-1.13972825,0.1991339297,2
-0.2518017718,0.2503459875,2
-0.6417434573,0.250430481,2
-0.5763750282,0.1955896299,2
-0.70082538,0.2578026458,2
-0.3761755262,0.2726432561,2
-0.7358893001,0.2099875194,2
-0.6599809905,0.2351671302,2
-0.5454500274,0.1789240473,2
-0.6463606512,0.2270757639,2
-0.7845786546,0.1517008768,2
-0.2935302219,0.2218525537,2
-0.6659978616,0.1885374617,2
-0.6441240149,0.125864407,2
-0.6208037452,0.2170420928,2
-0.612753045,0.1850355501,2
-0.7764982346,0.1130012704,2
-0.482064283,0.1772680494,2
-0.3037779511,0.1669816274,2
-0.7447027953,0.1793266012,2
-0.8936764359,0.1652662258,2
-0.1867509264,0.2248767064,2
-0.8767869032,0.1454396254,2
-0.6737691137,0.3025503025,2
-0.7976390277,0.3207060841,2
-1.054839687,0.2161769162,2
-0.6539711859,0.1746902629,2
-0.7825333142,0.196979014,2
-0.8795238851,0.145316361,2
-0.3924795281,0.1186791462,2
-0.4846265457,0.1734218434,2
-0.3809808686,0.1843830882,2
-0.4660188242,0.1960563351,2
-0.4721870335,0.2099019382,2
-0.6699653326,0.207472808,2
-0.5020358389,0.2287619286,2
-0.4914392259,0.3098665348,2
-0.6659465848,0.1988315324,2
-0.1310783974,0.1973052959,2
-0.8401298144,0.1630774524,2
-0.261613056,0.1430857278,2
-1.085780454,0.2518656499,2
-0.229978563,0.1931127517,2
-0.3906522954,0.2406481397,2
-0.4515468227,0.1846263007,2
-0.3998489496,0.239681164,2
-0.5991598664,0.1854517953,2
-0.5432086795,0.2048377882,2
-0.5665498168,0.2019591023,2
-0.808011906,0.2232057039,2
-0.7758572662,0.2240650306,2
-0.4999032686,0.2277146395,2
-0.2270733613,0.2740852203,2
-0.3970510045,0.1794553079,2
-0.5696348179,0.2521944785,2
-0.7487730258,0.2179580257,2
-0.6364769883,0.1684124657,2
-0.2180221953,0.2106046385,2
-0.4445628444,0.2377009377,2
-0.4744105701,0.2074547103,2
-0.7118025245,0.2124001403,2
-0.6527041926,0.189385771,2
-0.5706822837,0.1214512014,2
-0.6545983146,0.2344136498,2
-0.6752767571,0.2099488362,2
-0.2188089106,0.205533998,2
-0.2894522836,0.2745586271,2
-0.85304006,0.1295648515,2
-0.06894800012,0.1242102378,2
-0.9223144519,0.2127130827,2
-0.4526962971,0.1774457579,2
-0.9082138975,0.2362924267,2
-0.4468767216,0.1695092727,2
-0.6739310566,0.2162237257,2
-0.4040948191,0.2234357221,2
-0.4783752318,0.1554308614,2
-0.5882416477,0.2274749004,2
-0.5594316257,0.1648440669,2
-0.5253380548,0.1220986687,2
-0.5028537812,0.1791304788,2
-0.7804098511,0.1434554282,2
-0.6567002687,0.190800348,2
-0.7563540577,0.1517070366,2
-0.2340298778,0.2163334617,2
-1.023723397,0.252936064,2
-0.5753259012,0.2018140258,2
-0.5003638473,0.2741202355,2
-0.3245219238,0.248022648,2
-0.4023035597,0.2616923601,2
-0.774665883,0.1715260065,2
-0.8266494853,0.208703316,2
-0.6878246726,0.3029781027,2
-0.690340061,0.166748452,2
-0.8149015189,0.1635835387,2
-0.3697934426,0.2646421508,2
-0.7142319439,0.2531843379,2
-0.5003620086,0.2483633436,2
-0.5709834756,0.3610959579,2
-0.540867352,0.2282757894,2
-0.9740524139,0.1321390746,2
-0.5360692336,0.1964177345,2
-0.669106761,0.1918183838,2
-0.7282759806,0.1813253905,2
-0.6875142215,0.2329671269,2
-0.4453168896,0.2398314043,2
-0.5491212685,0.2577241135,2
-0.5217123477,0.2727643043,2
-0.4571456334,0.1968767617,2
-0.597844007,0.1487985641,2
-0.9171856105,0.248075249,2
-0.4422361608,0.1974844234,2
-0.354601135,0.2184032601,2
-0.457492285,0.2577835115,2
-0.4362367492,0.1580087473,2
-0.3251912039,0.279395402,2
-0.7798748777,0.2227483579,2
-0.8363752715,0.1284461172,2
-0.830773271,0.2467895922,2
-0.302788971,0.1944594663,2
-0.6926830997,0.1798994885,2
-0.5927061406,0.1993753738,2
-0.8337187348,0.2121436577,2
-0.441101638,0.1948489541,2
-0.3983492987,0.1492470523,2
-0.5448632884,0.1824994723,2
-0.4471606203,0.2112683083,2
-0.4574668934,0.1680912239,2
-0.603307289,0.2072829658,2
-0.2023975026,0.0898806674,2
-0.5633909105,0.192040158,2
-0.6093059096,0.2483201004,2
-0.856414465,0.1139857231,2
-0.8476769284,0.2967791226,2
-0.4578946114,0.150230884,2
-0.6695230217,0.1781437271,2
-0.5055028175,0.1914962766,2
-0.6434147341,0.204572638,2
-0.6842383891,0.208510977,2
-0.3571488286,0.1986607329,2
-0.4047084807,0.2369673498,2
-0.4371075678,0.1561051943,2
-0.2074577551,0.2329484083,2
-0.6725087142,0.1739718151,2
-0.551625309,0.1495497503,2
-0.7436359623,0.1112858944,2
-0.8786463819,0.2837973168,2
-0.4852187871,0.180226526,2
-0.6510683305,0.1263845828,2
-0.7932266829,0.2677946469,2
-0.2030707447,0.02861634626,2
-0.6419024895,0.1332839259,2
-0.5039136458,0.2231893639,2
-0.1988882594,0.1994806651,2
-0.7237783786,0.2010185238,2
-0.3485607853,0.1801484063,2
-0.1166053748,0.08794530423,2
-0.7116788508,0.2670717541,2
-0.5367166378,0.2270359006,2
-0.4553888618,0.2153777628,2
-0.4873667441,0.2408143003,2
-0.5011954019,0.1851348388,2
-0.525264018,0.304091179,2
-0.8293662286,0.1696331407,2
-0.8546869443,0.2032241431,2
-0.5944105826,0.203706746,2
-0.3285357691,0.2368791954,2
-0.6622649876,0.2468745127,2
-0.7220184067,0.110092646,2
-0.6862201437,0.1621904383,2
-0.8616569232,0.2973279279,2
-0.710617681,0.1212897023,2
-0.2257394602,0.2577968891,2
-0.3164747095,0.2085487949,2
-0.8962404985,0.1904014063,2
-0.7869625563,0.2672620694,2
-0.4513653795,0.1505366816,2
-0.4290516538,0.1840861087,2
-1.145852261,0.2120981016,2
-0.3613926733,0.225454959,2
-0.736858596,0.2232899504,2
-0.7613011798,0.2048652082,2
-0.4075257073,0.1813757326,2
-0.5023654108,0.2207342325,2
-0.727096564,0.2124377115,2
-0.7727189657,0.2149146143,2
-0.2888959456,0.2280724827,2
-0.3849481997,0.1893053228,2
-0.594322729,0.1770640985,2
-0.4768894151,0.1210846559,2
-0.3732121836,0.2326873196,2
-0.6775238361,0.1907685176,2
-0.7223431983,0.3543108682,2
-0.4960885373,0.154918805,2
-0.5935835189,0.1490789471,2
-0.6643830436,0.165371915,2
-0.6799728937,0.1324774362,2
-0.5203003647,0.2158365935,2
-0.6489604086,0.2329272815,2
-0.3208496962,0.2510694428,2
-0.229346066,0.2158687955,2
-0.0427256879,0.2453660273,2
-0.3147999364,0.210055221,2
-0.8414141862,0.202948947,2
-0.4431678066,0.1894243954,2
-0.4552419732,0.2651268969,2
-0.7080736507,0.2460027949,2
-0.7934719206,0.1074505613,2
-0.5884664654,0.2599130198,2
-0.6682243911,0.2149388968,2
-0.2475581212,0.1760039473,2
-0.654545403,0.1024572722,2
-0.7533928584,0.1796265269,2
-0.7644709764,0.1789110823,2
-0.9561069754,0.1837244236,2
-0.4743353424,0.2658947565,2
-0.6866537928,0.192363847,2
-0.6260693649,0.216312372,2
-0.6267193628,0.213204106,2
-0.1799122543,0.1550730428,2
-0.2926808011,0.2894526376,2
-0.672512455,0.187842834,2
-0.4335373636,0.2121480381,2
-0.6519782015,0.2406558841,2
-0.6750893539,0.1991479282,2
-0.4735173264,0.1723753154,2
-0.7319837537,0.2598913524,2
-0.4120986715,0.197357884,2
-0.3419487407,0.2889439187,2
-0.7590085368,0.2599245335,2
-0.6456280658,0.1761203357,2
-0.4031224158,0.1594311778,2
-0.3352828154,0.1607407249,2
-0.3998036607,0.21507321,2
-0.9147853365,0.1889584786,2
-0.7745372434,0.1447008622,2
-0.516938228,0.2037108255,2
-0.611032427,0.1319724429,2
-0.3155599642,0.2394998083,2
-0.3968091359,0.1661534692,2
-0.9399356123,0.1813204977,2
-0.3376452406,0.1735961158,2
-0.4381860035,0.1765347846,2
-0.5777314872,0.2029217774,2
-0.3230986914,0.2068390906,2
-1.065793588,0.1036344861,2
-0.5595744121,0.1611636373,2
-0.933540912,0.2405136173,2
-0.4815293967,0.2977250493,2
-0.579005156,0.1316386284,2
-0.8461152661,0.179057669,2
-0.8686135636,0.182897764,2
-0.3561174092,0.114653958,2
-0.6490838218,0.2095509073,2
-0.8155133106,0.1993352542,2
-1.179994803,0.2598857383,2
-0.1808720753,0.2544873805,2
-0.7450778469,0.2695173028,2
-1.077239071,0.1473202782,2
-0.5597999408,0.1833452983,2
-0.6845980628,0.1359453744,2
-0.5818796421,0.1156418684,2
-1.129294737,0.2097699514,2
-0.3849236749,0.2539951164,2
-0.9929259493,0.2130803742,2
-0.3197790956,0.1511902762,2
-0.7518985729,0.2156549693,2
-0.3265204878,0.1088579558,2
-1.087618083,0.24066991,2
-0.5883112876,0.1710984216,2
-0.5260075892,0.172963401,2
-0.4902491231,0.1270562663,2
-0.4536149307,0.2724456598,2
-0.613945321,0.286963167,2
-0.4470065703,0.1709060341,2
-0.6623366315,0.2041719422,2
-0.8183071196,0.204341192,2
-0.5482499753,0.2252554025,2
-0.6503014018,0.285117602,2
-0.6678335337,0.2016116989,2
-0.8120764333,0.154418322,2
-0.751545071,0.2298183913,2
-0.4560762666,0.2007954224,2
-0.3524482371,0.1704378703,2
-0.3238251998,0.1849373105,2
-0.2362838447,0.2136561693,2
-0.573570927,0.272406452,2
-0.2986519494,0.2799681981,2
-0.8610205105,0.1430618626,2
-0.5185072661,0.2639470527,2
-0.3391768925,0.2256264194,2
-0.5458300695,0.1526047864,2
-0.3273291367,0.2173381626,2
-0.6778429921,0.2901338877,2
-0.5569430924,0.2130331775,2
-0.8522676084,0.2668228716,2
-0.7427143197,0.1456298751,2
-0.5771705026,0.1116358098,2
-1.140184964,0.1573831157,2
-0.2981975118,0.156463908,2
-0.6230347274,0.2204820039,2
-0.7570582357,0.2575574216,2
-0.4545578031,0.2228365109,2
-0.6293049575,0.2055856509,2
-0.7323819923,0.2158441971,2
-0.5893064687,0.1326132126,2
-0.7601179048,0.284156281,2
-0.7923136736,0.2671590839,2
-0.51900197,0.228881692,2
-0.2723546505,0.2223497712,2
-0.7983067845,0.233094065,2
-0.2240790514,0.1707042335,2
-0.8708171957,0.2356211426,2
-0.4064737793,0.2473083653,2
-0.434097329,0.1861042514,2
-0.3713317402,0.2191531427,2
-0.6340149635,0.214951731,2
-0.3765318836,0.1338429088,2
-0.6089415821,0.1325751758,2
-0.6212051325,0.1348402221,2
-0.5183119802,0.2871355829,2
-0.5470478145,0.1587347602,2
-0.5289793098,0.2208713143,2
-0.9900838883,0.2552291985,2
-0.7505965112,0.2678667435,2
-0.6211916746,0.2249711702,2
-0.6487819425,0.1798656026,2
-0.6569238882,0.1732608372,2
-0.7784128877,0.1718842435,2
-0.5601180109,0.2491075777,2
-0.5988077935,0.2124800747,2
-1.088086541,0.174289761,2
-0.4277656572,0.1253292061,2
-0.1989025336,0.2060157657,2
-1.156524255,0.1575001092,2
-0.5758780321,0.2270233367,2
-0.6195830069,0.1199055896,2
-0.5583528401,0.2134730214,2
-0.4502729598,0.1915508577,2
-0.9109957922,0.2070551389,2
-0.5536263975,0.2664618055,2
-0.7351876712,0.206233727,2
-0.8133264423,0.1539645983,2
-0.7478012456,0.3217031977,2
-0.7291802297,0.1132640541,2
-0.4196378858,0.1523249129,2
-0.7389062404,0.2750997052,2
-0.3378806332,0.1851485563,2
-0.5070177684,0.2079019903,2
-0.506817922,0.1139882774,2
-0.4989078204,0.2213724319,2
-0.5715310565,0.2439329512,2
-0.7475214209,0.2211375496,2
-0.644054699,0.2011852941,2
-0.6941146528,0.2085289853,2
-0.6950592258,0.2092110766,2
-0.7524661631,0.1904400743,2
-0.6596937542,0.1570255316,2
-0.3836465399,0.1497556032,2
-0.4869714226,0.2470392826,2
-0.6056582238,0.149378797,2
-0.6986422766,0.211685061,2
-0.4764443892,0.203405935,2
-0.3458580179,0.1867085587,2
-0.7816630224,0.1813266628,2
-0.4816191896,0.1938460353,2
-0.7733020356,0.2245082854,2
-0.4555896259,0.1582910265,2
-0.4281970413,0.2970434737,2
-0.4492645766,0.1975109215,2
-0.9490301159,0.2539734029,2
-0.6742502935,0.2255883507,2
-0.5541246698,0.1902066129,2
-0.569660848,0.2258004098,2
-0.7444374869,0.1852931374,2
-0.4838119626,0.1849213229,2
-0.5723910607,0.1950633985,2
-0.2443860114,0.1779539351,2
-0.8038627177,0.1539876339,2
-0.4797795158,0.1840045721,2
-0.3771748271,0.1900376131,2
-0.7854742336,0.1754190836,2
-0.8051698672,0.2505305195,2
-0.7337349421,0.1768829135,2
-0.9044802183,0.2103212219,2
-0.7131979586,0.2125899244,2
-0.661569845,0.1820080278,2
-0.6172704072,0.1800889338,2
-0.66003635,0.1640140704,2
-0.5124909043,0.2409022156,2
-0.3567135907,0.1661377662,2
-0.6923829528,0.2277027649,2
-0.7504092895,0.1861306817,2
-0.5523330734,0.1808719387,2
-0.5697322516,0.1545983608,2
-0.7470611887,0.2526785924,2
-0.9655012468,0.2199331813,2
-0.4689241148,0.2312726016,2
-0.677621039,0.1521743813,2
-0.5649025051,0.2563459079,2
-0.4690802405,0.1945161303,2
-0.7327255296,0.2219236724,2
-0.3920607312,0.1782039891,2
-0.7250000154,0.2502999319,2
-0.542637958,0.2151138002,2
-0.4100913528,0.2150029639,2
-0.6567763673,0.2282464278,2
-1.066458073,0.1667980582,2
-0.3314675946,0.1074931806,2
-0.4420862707,0.2586900341,2
-0.628969907,0.2238700414,2
-0.5263949569,0.2259883872,2
-0.741881053,0.1829877027,2
-0.5854124475,0.2029417635,2
-0.6945760447,0.1824291788,2
-0.9358663398,0.2352626045,2
-0.7294302451,0.1860193474,2
-0.5165752728,0.2503636703,2
-0.5652504893,0.19857379,2
-0.9358274149,0.1771802099,2
-0.702737476,0.2056381839,2
-0.8977826231,0.1746505398,2
-0.3101460591,0.1783189344,2
-0.6737710279,0.2672625452,2
-0.4696853039,0.2401855003,2
-0.5849612315,0.2756101162,2
-0.6621988334,0.2829396198,2
-0.2799677816,0.2595959212,2
-0.7850459191,0.09351229775,2
-0.6921766895,0.2248412641,2
-0.4802555952,0.1468906224,2
-0.5364691207,0.2885324578,2
-0.5493035852,0.2137063495,2
-0.5423970195,0.2141516462,2
-0.6819764238,0.1432360147,2
-0.6137334825,0.1196184205,2
-0.6613889752,0.1606815727,2
-0.5349774213,0.2117102749,2
-0.7050325311,0.2516647212,2
-0.5366664542,0.2218090944,2
-0.6709038804,0.17273618,2
-0.8003298661,0.1599306972,2
-0.4505410905,0.32206638,2
-0.512209402,0.1791629977,2
-0.2967909102,0.07742183328,2
-0.4198291787,0.1791525972,2
-0.878340833,0.2049464341,2
-0.2847750158,0.2189528921,2
-0.4965680128,0.2420782864,2
-0.4750394969,0.2487684416,2
-0.680396668,0.2619368982,2
-0.9670629232,0.2055461566,2
-0.822802147,0.1479545391,2
-0.6531916958,0.1861552639,2
-0.4750164526,0.2870942028,2
-0.7063067132,0.1808463287,2
-0.4704866402,0.2581294594,2
-0.7296828047,0.1068553812,2
-0.8729445711,0.1988977522,2
-0.3606053701,0.2004239378,2
-0.5746492323,0.2831666824,2
-0.5594792387,0.2143767883,2
-0.5689143822,0.2109791262,2
-0.831459939,0.2686797996,2
-0.3114096486,0.2347985372,2
-0.957581817,0.2611165894,2
-0.5132309004,0.2029459566,2
-0.7136701252,0.1760914095,2
-0.6466777307,0.1144210273,2
-0.8017750183,0.1997875489,2
-0.7406781976,0.2204811482,2
-0.6389845372,0.1839915822,2
-0.8439798281,0.209804211,2
-1.016540879,0.2490920409,2
-0.6037274618,0.2682918904,2
-0.5648919859,0.1572839278,2
-0.8324519857,0.2369641922,2
-1.08547825,0.2753677009,2
-0.2457504443,0.1825780559,2
-0.6040185661,0.205192589,2
-0.3911447163,0.19466834,2
-0.3768445981,0.21838292,2
-0.3725875442,0.1578305643,2
-0.9052114607,0.2475414287,2
-0.7269647164,0.2156877981,2
-0.7016428591,0.1146280545,2
-0.6560335269,0.1976028004,2
-0.5671548533,0.223090779,2
-1.016931618,0.2169133331,2
-0.644754878,0.2413778027,2
-0.3288666547,0.197903937,2
-0.1460096143,0.1687073837,2
-0.7227836735,0.1990321389,2
-0.6446100726,0.2284253003,2
-0.5101852839,0.2377048854,2
-0.2591583234,0.1221722133,2
-0.7869915151,0.183337795,2
-0.5660846259,0.2487764695,2
-0.7298788037,0.2722852424,2
-0.4701364144,0.1519558673,2
-0.7136198098,0.2074804332,2
-0.4504552975,0.1835245602,2
-0.3908117975,0.2391543602,2
-0.6212860295,0.2222397193,2
-0.5260473522,0.1818207274,2
-0.6913469013,0.221161238,2
-0.3687592598,0.09673974844,2
-1.047286206,0.1366265252,2
-0.412075845,0.1732972949,2
-0.4051194592,0.242076614,2
-0.8134373583,0.2730929991,2
-0.344570537,0.1723419185,2
-0.4193377162,0.159437444,2
-0.613068894,0.185561302,2
-0.3346037077,0.2101182684,2
-0.6640886267,0.2172066682,2
-0.3285146165,0.2357931738,2
-0.2564930894,0.1583212881,2
-0.4024145465,0.0796839214,2
-0.7626687475,0.1677403537,2
-0.7583066101,0.2010905684,2
-0.5123866833,0.2325180997,2
-0.4816026751,0.2046271549,2
-0.3988428706,0.1317467357,2
-0.6461693165,0.2112341454,2
-0.3479774253,0.2445665545,2
-0.5673257886,0.1774210536,2
-0.8750025066,0.2448795067,2
-0.6872074429,0.1714024382,2
-0.565590864,0.2294909312,2
-0.4224751374,0.1442302146,2
-0.6095912199,0.162459219,2
-0.6896978345,0.1151193385,2
-0.7328873794,0.1179572011,2
-0.1157123583,0.1762010956,2
-0.5249376976,0.1221336224,2
-0.5900761823,0.1820718969,2
-0.5885198936,0.2154999651,2
-0.7755458937,0.2626036831,2
-0.523082052,0.2322527518,2
-0.373319881,0.2423994029,2
-0.5505381717,0.2516023656,2
-0.6978746655,0.1666656275,2
-0.7808789861,0.2302089791,2
-0.7691170559,0.1918887246,2
-0.2526154061,0.2147863768,2
-0.3696898345,0.2246949371,2
-0.6737248033,0.2096424208,2
-0.4198717031,0.2595546851,2
-0.6525897803,0.2235428034,2
-0.6769904004,0.1372534246,2
-0.9213997391,0.2765065719,2
-0.5399147152,0.1922028752,2
-0.2615842829,0.2414010084,2
-0.9032364722,0.2071399153,2
-0.7472254451,0.1963892944,2
-0.6233322639,0.2021208087,2
-0.723574054,0.2872344019,2
-0.3434254843,0.2054417006,2
-0.1421736116,0.3482863224,3
-0.2230434329,0.2041413903,3
-0.009745779602,-0.6926688866,3
-0.1639765948,0.1217995623,3
0.4020492052,-0.7320379711,3
-0.004904984866,-0.121980853,3
0.09703054663,-1.088106818,3
0.08425094781,-0.4638497128,3
-0.01103926269,-0.2336503531,3
-0.1474475467,-0.2821890441,3
-0.08101300293,-0.2134358318,3
-0.05310114179,-0.3078204505,3
0.1225890062,-0.1209606555,3
0.2522247004,-0.7735761115,3
-0.04138328981,0.1395684971,3
0.2277395356,-0.6280261512,3
-0.01945734011,-0.2396427481,3
-0.006656511291,-0.37040907,3
0.07010843386,-0.5243330404,3
-0.09768515358,-1.071837622,3
-0.3263263412,-0.1542660017,3
0.2251312003,-0.4397262788,3
-0.1161043636,0.09386701758,3
-0.1424240326,-0.4165913255,3
0.1058096689,-0.7922759825,3
0.1236693572,-0.2725063189,3
-0.1764429686,-0.02365922906,3
0.1004637323,0.02158750785,3
-0.2405747848,0.1112572891,3
-0.2654416099,-0.01413511105,3
0.08244269292,-0.0002652725716,3
-0.02427645082,-0.3466484927,3
0.06484742461,-0.5657454266,3
-0.081636244,-0.2451088377,3
0.04047744777,-0.3168756571,3
-0.08425060726,0.3494906438,3
0.05144147653,-0.1453777126,3
-0.04488087185,-0.2069692893,3
0.102778469,-0.3679322348,3
-0.2888873249,-0.1441281487,3
-0.1175719191,0.6371178986,3
0.09678877957,-0.5446554074,3
-0.0780465247,-0.1009015597,3
0.07589849225,0.087936026,3
0.06050230413,-0.283246834,3
-0.0138902236,-0.3207462813,3
-0.1103373833,0.264137525,3
-0.09927263751,-0.1738733804,3
-0.2499071274,-0.1001801685,3
-0.01058810828,-0.4777239588,3
0.2591363062,-0.5163258831,3
0.02227189213,-0.3505355931,3
-0.1711566976,-0.10535014,3
0.04142165512,-0.3232554643,3
0.09046352779,-0.7520421997,3
-0.1714819938,-0.1180882854,3
-0.3161128177,-0.03551835921,3
-0.2478285879,0.2081595586,3
0.07870083092,-0.01550067055,3
-0.08444737647,0.4455076114,3
-0.04089603747,-0.3869559435,3
0.2596269989,-0.2937025415,3
0.3982419997,-1.110314086,3
0.1128870011,-0.3008302381,3
0.06446079286,-0.9292639429,3
0.2394603088,-0.8357936846,3
-0.007433529671,0.06907973636,3
0.02721664445,-0.3063808438,3
-0.02418330909,-0.008478753875,3
-0.02291948359,-0.7727726146,3
0.279898713,-0.7125036809,3
0.03734247477,0.1322051635,3
0.1419269503,-0.5277122168,3
-0.1525424892,-0.1526930683,3
0.2239634566,-0.2496460788,3
-0.005130287192,-0.5116265812,3
-0.3342473449,-0.2001640027,3
-0.2400249406,0.1453806409,3
-0.3028451239,0.1691600253,3
-0.08547724253,-0.06717246452,3
-0.1795748058,-0.3068945037,3
-0.1291338428,-0.3490704837,3
0.1397671705,-0.3891018835,3
-0.2748565905,-0.1160757517,3
-0.07011347794,0.1032880715,3
0.06211787793,-0.3000791575,3
-0.315656566,0.2298780859,3
0.1310121491,-0.2824107769,3
0.1769410161,-0.6324341792,3
-0.3209802968,0.2318597393,3
0.09104644663,-0.09889552512,3
-0.2086833889,0.2438075436,3
-0.1884428255,-0.2700724487,3
-0.1509863675,-0.6241909251,3
-0.03476687358,-0.7812825527,3
0.001981379416,-0.7172201473,3
0.2166675765,-0.9494174425,3
-0.2286234574,0.1231003893,3
-0.07798855573,0.2434792191,3
-0.2005126782,0.1465085925,3
-0.283201715,0.04210563961,3
-0.02842713379,0.3067735603,3
0.2594174035,-0.7896744839,3
-0.07768621342,-0.002608307536,3
0.1092176957,-0.6008009886,3
-0.07796263453,-0.5772982824,3
-0.30365287,0.05558871465,3
-0.09936305929,-0.2514786255,3
-0.2967844741,0.3253042175,3
-0.001087077194,-0.230296631,3
0.174802993,-1.21601013,3
-0.002774469791,0.2472589525,3
0.1593949535,-0.5715192549,3
0.1439573007,-0.7090017506,3
-0.301968439,0.1178890168,3
0.1493423919,-1.075938033,3
-0.2005129954,-0.2749382344,3
0.08377583926,-0.06400468865,3
0.2041143095,0.2360034791,3
-0.07795552043,0.1349578104,3
-0.1785190449,-0.6353692958,3
-0.1190361385,0.2133315959,3
-0.02593796664,-0.1142474574,3
-0.1210006829,-0.1873316952,3
0.2185041438,-0.9589204564,3
-0.04682614036,-0.2492011162,3
0.3068364773,-0.6399972984,3
-0.06521476901,-0.6673270849,3
0.1621429444,-0.295838513,3
-0.1144965772,-0.1656578113,3
0.07462319841,-0.1870372671,3
0.3486226911,-0.3192086059,3
0.0633006281,-0.4205209209,3
0.2678797947,-0.649828026,3
0.1552639599,-0.1929911288,3
-0.01919416277,-0.06662489858,3
0.1135806631,-0.4678796267,3
0.2411873412,-0.968798942,3
0.02525205035,-0.4265082909,3
-0.00104217012,-0.2792748592,3
0.1118913364,-0.7965920481,3
0.02225420114,-0.3771510047,3
0.2914165472,-0.6835620873,3
0.09755566678,-0.4431629048,3
0.06558446268,-0.4922572165,3
0.2591931388,-0.9612203015,3
-0.3619844137,0.07892391014,3
0.01938005274,-0.1168534912,3
-0.07681348699,-0.4296913193,3
0.3871282676,-0.7094977423,3
0.1532061972,-1.116974813,3
-0.2831513493,0.5550293603,3
-0.1998358478,0.07101964823,3
-0.05091675674,-0.1799960892,3
0.03994821551,-0.2733423344,3
0.1021361002,-0.5298387777,3
0.1606076962,-1.259024032,3
0.05181704053,-0.1665187337,3
0.1730042025,-0.1102206573,3
-0.1496611529,-0.2034575256,3
0.4903781946,-0.8649285608,3
-0.009098389264,-0.2705142102,3
0.07607505783,-0.6005101569,3
0.0469273532,-0.4429208329,3
0.2130134832,-0.4152624608,3
-0.1164129835,-0.3988107069,3
-0.06813472446,0.3924102946,3
-0.2383573117,0.001745785243,3
-0.002228583562,-0.3199207779,3
0.2190473534,-0.346438032,3
0.2164860319,-1.004069778,3
-0.07561803683,-0.2671605959,3
-0.1020670997,-0.2271454392,3
0.1482771521,-0.7102863831,3
-0.01772371896,-0.1421177832,3
0.1348412583,-0.3634533703,3
0.09728554708,-0.4685792434,3
0.08198713841,-0.9298944448,3
0.09100017935,-0.3513320535,3
-0.0320281753,-0.1493107799,3
0.08221748712,-0.6257377157,3
-0.156424181,0.3898907806,3
0.2404371052,-0.6749452638,3
0.1755306491,-0.1186283782,3
-0.0127456904,0.02709182185,3
-0.3017183203,-0.1887064158,3
0.1174919913,-0.8096235203,3
0.05561160387,-1.076212287,3
-0.2582387105,0.278864164,3
0.09138423679,0.02479440842,3
-0.07288260201,-0.1888193033,3
-0.3381951657,0.7244605781,3
-0.03964417849,-0.2851958951,3
0.1212259311,-0.4092478226,3
0.05957673553,0.1298306739,3
0.1765861479,-0.008030360075,3
-0.1080602964,-0.2839306147,3
-0.02040934438,-0.6987830458,3
-0.1002860513,-0.2517510526,3
-0.1350567479,-0.4214033736,3
-0.03786310009,-0.4189501239,3
0.1143103766,-0.989053947,3
0.08165940319,0.07745418106,3
0.1781649552,-0.5642651867,3
-0.04494599164,-0.01546970354,3
0.1960697945,-0.2716335733,3
0.2040082499,-0.5964639368,3
-0.1775061263,0.3127751782,3
-0.1821262026,-0.5284363464,3
-0.006504241493,-0.02123719149,3
0.4569538804,-1.036398384,3
0.1625733212,0.2412632795,3
-0.2428457426,0.192234441,3
0.05927009613,-0.9811467332,3
0.1717762116,-0.5062381288,3
-0.02249957682,-0.4263452566,3
0.01801612512,-0.1162267521,3
-0.4358466626,0.5229172209,3
0.2073808166,-0.3543232223,3
-0.1506062312,0.007941378756,3
0.1221832337,-0.8010590842,3
0.1622497377,-0.9591735882,3
0.0601401695,-0.3332422381,3
-0.1209274898,-0.2796415138,3
-0.1413646313,-0.4883253567,3
0.1265633314,0.220490107,3
0.4839417398,-1.626129119,3
0.1001333573,-0.3252255889,3
-0.1543057547,-0.05924928863,3
-0.106644757,0.2318426899,3
0.333569323,-0.7768916032,3
-0.2719440678,0.3397751243,3
-0.008881876653,-0.01900315808,3
0.3035642692,-0.8059785346,3
-0.1984798753,0.5569500137,3
0.3569867525,-0.9102836136,3
-0.1152443518,0.3986160233,3
-0.09404943226,0.1999222598,3
-0.3677995233,0.07426194133,3
-0.1352188644,-0.4906855353,3
-0.1787645105,-0.521407676,3
-0.236521046,-0.4711333606,3
-0.116159046,-0.1246295068,3
0.08262786974,-0.1575530604,3
0.2067675323,0.09190452735,3
-0.05949876168,-0.4899971902,3
0.02889878588,-0.4902822995,3
0.3981700101,-0.5877070326,3
0.006646561591,-0.6562110623,3
0.05850490305,-0.7333554626,3
-0.2859414485,0.2800855256,3
0.133969434,-1.654788317,3
-0.01311897787,-0.8097500947,3
0.3521776887,-1.137472804,3
-0.2335697374,-0.1015103231,3
-0.04268048646,0.101539087,3
-0.05035965422,0.2362560297,3
0.1953169164,-1.000649732,3
0.1306696139,-0.2701055625,3
-0.1767302055,-0.2205061989,3
0.0006349577758,-0.199899772,3
-0.2627263116,0.3679979155,3
-0.3599832166,-0.1131707063,3
-0.3044575334,0.002555863826,3
0.1321319763,-0.2520897062,3
-0.197837699,0.4012648449,3
-0.2183230951,0.09781320486,3
0.08248727497,-0.7198130777,3
-0.416186144,-0.3193439245,3
0.1162271091,0.02327180841,3
0.09954880876,-0.4027694877,3
0.08526984673,-0.1542042054,3
-0.007199833562,0.06204817408,3
-0.5313343767,0.3180477221,3
0.01803534241,-0.4451840519,3
0.01787804906,-0.3665774606,3
-0.09032445197,-0.626583117,3
0.2363279627,-1.030625698,3
0.2374100977,-0.9977463189,3
0.083103643,-0.3463529364,3
-0.04082523312,0.3219282957,3
0.1215404476,0.2659277974,3
-0.06386164182,-0.4031793063,3
0.08032292035,-0.3279425495,3
0.002673083626,-0.5417604252,3
0.1589762768,-0.5577538699,3
0.1375300719,-0.8374168198,3
-0.06193706363,-0.5053749675,3
0.1039125291,-0.8465981792,3
0.02944725119,-0.2982543584,3
-0.08006795469,-0.3463814727,3
0.2929951046,-1.022913727,3
-0.0248408072,-0.4792237343,3
0.06441172218,-0.3024557969,3
0.04097278449,-0.1865893419,3
-0.4202789594,0.5171238802,3
-0.02557587581,-0.2813639507,3
0.1621190696,-0.4089514854,3
0.1090586575,-0.4541113982,3
-0.1410377754,-0.3491721957,3
0.1267593233,-0.7118690869,3
-0.01888136071,-0.2214231069,3
-0.07433909542,0.1179669685,3
0.0009401252714,-0.1255905809,3
0.131688431,-0.4563281421,3
0.02318446375,-0.2922712123,3
0.07672974667,-0.3941789751,3
0.1065351143,-0.3555351335,3
-0.1881718955,-0.2042645574,3
-0.2583214668,0.09414999223,3
0.1643107501,-0.6443498365,3
-0.1065157635,-0.6542362172,3
-0.2213456616,0.07733044368,3
0.008242316378,-0.3438756292,3
0.2270800231,-0.1663412683,3
0.01007629109,-0.550630243,3
0.0988340431,-0.3703600601,3
0.04221885058,-0.2899815051,3
-0.2221556662,-0.4670017019,3
0.08623562386,-0.2410199126,3
-0.01559733569,-0.9656691369,3
-0.2332319711,-0.3619010046,3
-0.1079448573,-0.2660793587,3
-0.1246214541,0.02153688301,3
-0.09761406175,0.1501109116,3
-0.1336638945,0.25092403,3
0.2816444874,-1.012751207,3
-0.08993687633,-0.1494498238,3
0.1410090576,-0.3748788489,3
-0.001766900165,-0.2385259378,3
0.07854638343,0.05356046771,3
-0.01969732463,0.7116227428,3
0.02283013848,-0.3941372021,3
-0.1850762836,0.204913605,3
-0.2981517783,0.3406171092,3
0.1833839592,-0.5159385139,3
-0.08879633703,0.008894471999,3
-0.4332602483,0.3043154118,3
0.1106165929,-0.3063560516,3
-0.2238660238,-0.1921271494,3
-0.1095758927,0.08526959022,3
-0.2679219692,0.3573668076,3
-0.07683738704,-0.6402369684,3
-0.06948426915,-0.0959462945,3
0.4492041959,-1.204868575,3
-0.2811739991,0.2231954372,3
0.2417436635,-0.6855774413,3
0.0528979699,-0.1825108695,3
-0.08800272601,-0.03862505957,3
-0.05336981434,-0.2977364531,3
-0.1919250627,0.3022908959,3
-0.1583123492,-0.4887530432,3
0.1187147218,-1.00842117,3
0.09212995229,-0.2237495776,3
0.1599332108,-0.3204018484,3
-0.1228394224,-0.5919078773,3
0.03998880164,-0.205378477,3
0.06719415536,-0.5122400279,3
0.03949354715,-0.1503217654,3
0.1320616367,-0.7465662681,3
0.001923399003,-0.254853181,3
0.02209774351,0.2534300401,3
-0.1356936435,-0.2945524661,3
-0.3103853335,0.2556144549,3
-0.04778501514,-0.4344656673,3
-0.09103416216,-0.03885966736,3
0.1458692341,-0.3066283878,3
-0.006934890409,-0.7150912409,3
-0.09434509151,0.02853300212,3
0.1059202507,-0.2744886324,3
0.01636753448,-0.8368684429,3
-0.1471681778,0.04761710316,3
0.02885684522,-0.9524691778,3
0.09513767877,-0.7615538896,3
0.04120739916,-0.09603080715,3
0.1889238384,-0.115610972,3
-0.1044892157,-0.297874365,3
-0.1704920641,-0.4034398501,3
-0.2455611854,0.1414030165,3
0.08890207007,-0.4747114657,3
-0.02984362176,-0.4855627544,3
-0.2217712262,0.5787288714,3
0.1353555518,-0.1988916283,3
0.06512592514,-0.4965604675,3
-0.01984666989,-0.2413178454,3
-0.1536322182,0.6035538181,3
-0.03846258276,-0.2181232669,3
-0.005068941478,-0.8165930044,3
-0.01043124584,-0.09658474546,3
-0.02467616348,-0.230958702,3
0.2137606099,-0.6474446194,3
-0.01802123059,-0.1411108121,3
-0.1271410444,-0.1268698786,3
-0.3116506549,0.2649809733,3
0.155884018,-0.640526959,3
0.09611152412,-0.1373525503,3
-0.02192323383,0.08345829125,3
0.08431659698,0.2947747713,3
0.1164183536,-0.3028222711,3
0.02358682941,-0.3334966284,3
-0.1560918189,-0.5971365089,3
0.2563737717,-0.2190306805,3
0.1300762539,-0.4941389567,3
0.07066246837,-0.3382442221,3
0.1856784963,-0.7903839371,3
-0.07238394147,-0.2464034364,3
0.340680447,-0.8610920621,3
-0.2513059891,0.3530163384,3
0.3836611159,-0.8195937962,3
-0.2226615795,-0.6175428795,3
-0.140360311,-0.1023150412,3
-0.1407021495,-0.5201237264,3
-0.1020300143,0.219872047,3
-0.2743747795,0.3792155549,3
-0.02272579557,0.03566489336,3
0.1351579121,-0.1617700265,3
0.1218910519,-0.9357053542,3
0.07355023261,-0.3413584625,3
-0.04401798672,-0.7457547887,3
0.1910289477,-0.3885972945,3
0.01208025131,-0.3841530585,3
0.06140372887,-0.4922274955,3
0.006343139235,-0.4138864616,3
-0.06848530037,-0.5972933629,3
0.05440856409,-0.992776829,3
0.03970208622,-0.5188335213,3
0.1755158551,-0.4904004933,3
-0.09407420587,-0.5550652645,3
-0.002632120672,-0.1142648231,3
-0.03261203064,-0.2931944966,3
0.05052067514,-0.2230129448,3
-0.0100258783,0.1374446749,3
0.311930934,-0.6235236589,3
-0.1468057102,-0.3282927036,3
0.05256615506,-0.2922538456,3
-0.1319892898,0.2198991148,3
-0.1078589591,-0.6777540492,3
0.02151054597,-0.6301733176,3
0.02445684957,-0.1280684029,3
0.2963744772,-0.9187115646,3
-0.2086545725,-0.06563972496,3
-0.1902900963,-0.1129936491,3
0.1250640219,-0.5896439539,3
0.05234908729,-0.2870589151,3
0.06122762635,-0.4928207886,3
0.2780712213,-0.6390805844,3
-0.2326119087,0.2219944123,3
-0.0239736732,-0.4475891637,3
0.1981360766,-1.133696783,3
0.2007133605,-0.3486398115,3
-0.1987477691,-0.2054371908,3
-0.01207558556,-0.2202504569,3
0.01701670806,-0.5739582049,3
0.1468893204,-0.749444179,3
0.003373005682,-0.6499325609,3
-0.2882565842,-0.008156349229,3
0.03899775236,-0.5009509671,3
-0.09758250774,0.08308205757,3
0.05256076231,-0.3573287592,3
-0.2403915503,0.05633913988,3
0.0928738731,-0.332683777,3
0.1065595468,-0.4321211553,3
0.02205678363,-0.09243516202,3
-0.09540771456,-0.4939454756,3
0.02348053217,-0.6099345601,3
-0.2191013884,-0.5350861871,3
-0.0794946849,-0.06855596025,3
-0.198987424,-0.1255804758,3
-0.01356403364,0.01479026856,3
0.145731725,-0.8239020043,3
0.184245925,-0.3052304543,3
0.1014026979,-0.4174108675,3
-0.09096913611,0.2063631419,3
0.009400118576,-0.1890672927,3
0.1668745723,-0.8597472255,3
-0.05300615432,-0.5526783416,3
-0.2419909331,0.3124886666,3
0.246302333,-0.6203915658,3
0.08536394644,-0.4474385012,3
0.1710017305,-1.402733867,3
0.2753986568,-0.3958319221,3
0.09405093548,-0.4970163151,3
0.1152492651,-0.9992315954,3
-0.2543706909,0.5206549177,3
-0.05019843044,-0.03547779951,3
-0.02136675784,-0.01942070611,3
0.1105657785,-0.5785282365,3
-0.1610305234,-0.2532669126,3
-0.2977352847,0.1981580752,3
0.0442245384,-0.4331295565,3
-0.1899288002,-0.1391232672,3
-0.1820666633,0.06350887058,3
-0.08989589367,-0.7965240022,3
0.1104130078,-0.853335319,3
0.073759949,-0.6827653243,3
-0.03316481088,0.07949566572,3
0.01162382846,-0.2553790423,3
-0.2224544237,0.6601276935,3
0.09505270561,-0.5575575849,3
0.03278776268,0.06813546143,3
0.1204892393,-0.4027419036,3
-0.1648885706,0.6948208761,3
0.1522424665,-0.6987004068,3
-0.1027547975,0.03274985178,3
0.1554566222,-0.733558395,3
0.02194481438,-0.2573220246,3
0.05153020533,-0.4376114712,3
-0.01206520641,-0.6665748517,3
0.273594096,-0.665987684,3
0.1940346541,-0.5435788854,3
0.1854399754,-0.5620044639,3
0.1747404978,-1.052332812,3
0.0976802638,-0.9074787058,3
0.4192408133,-0.8634455956,3
0.07600989957,-0.4505677508,3
0.1426715968,-0.8485667794,3
0.110046392,-0.6632242784,3
0.1007921936,-0.3713058546,3
0.03525211329,-0.9740390187,3
-0.1086220296,0.3623293806,3
-0.005214958563,-0.1153335611,3
-0.2780437115,0.3017652566,3
-0.2117215981,-0.4733879009,3
-0.165342119,-0.05176331139,3
-0.172707092,-0.1148917245,3
-0.08870572014,-0.1286401542,3
0.02877654619,-0.1859986736,3
-0.6324088459,0.5604625212,3
-0.02716855746,-0.0004540147609,3
0.3267054193,-0.8675395066,3
-0.2373086647,0.4020589857,3
-0.2652881417,0.4792791631,3
-0.1222523782,-0.2243234296,3
0.2046327507,-0.472303809,3
0.3410903457,-0.9950496031,3
-0.3825406749,0.1731115265,3
0.1729077356,-0.9487315248,3
-0.1794913936,0.02034827303,3
0.1862523424,-0.7829445393,3
-0.009632447055,-0.07090745244,3
0.006150506384,0.04498288612,3
-0.08789802931,-0.09103297782,3
-0.339160124,0.1009200699,3
0.3183841804,-0.8196065976,3
0.07648143835,-0.4706619091,3
0.00949821421,-0.4791636924,3
0.3032131522,-0.9920477082,3
0.1043940858,-0.2164753594,3
-0.1182651711,0.2534020431,3
-0.2739032901,0.1533379116,3
0.2191257689,-0.8928531991,3
0.0953630256,-0.7453778122,3
-0.0646245455,0.02876765254,3
-0.1244933402,0.1653863987,3
-0.2243170172,-0.2744536166,3
-0.1126953059,-0.005618937412,3
-0.09496906527,-0.01483400483,3
0.0926692372,-0.4140430013,3
-0.001197830617,-0.2682983964,3
0.1232617991,-0.3492265599,3
-0.08931323601,-0.5380505307,3
-0.1463039971,-0.5094629736,3
0.2476161307,-1.099422157,3
-0.173649963,-0.6115213346,3
0.2392307522,-1.063020393,3
-0.08443804124,-0.0256020745,3
0.3027242494,-0.3978806814,3
0.2902565808,-0.2654275928,3
-0.1163708207,-0.5415581554,3
-0.1385442448,-0.3402052182,3
0.0798351822,-0.8127253809,3
0.02558602965,-0.12851742,3
-0.06408863791,0.2615227922,3
0.1320374658,0.07781590498,3
-0.3026163104,-0.4613931129,3
0.0933740897,-0.3078947957,3
0.1905566894,-0.6551828039,3
0.1112172231,-0.960769212,3
0.003192759517,0.2242439726,3
-0.3479538346,0.1933584411,3
0.3331345664,-0.8360753833,3
0.1243828274,-0.4558531548,3
-0.1939017798,-0.2778225601,3
-0.03087639642,-0.01708079249,3
0.2302248328,-0.4624063728,3
-0.1969945778,0.3113511407,3
0.1474427015,-0.5953680355,3
-0.08023998736,-0.4670474569,3
0.03514017569,-0.3531825343,3
0.05392012604,-0.3482600926,3
0.1464881194,-0.3683808389,3
0.4269308089,-0.2371967594,3
0.4605504461,-1.556709755,3
-0.09749642176,-0.3437610429,3
-0.3153068378,-0.02759364782,3
0.07893392761,0.1641052736,3
0.09483236685,-1.174977748,3
-0.1266867882,-0.4334509724,3
-0.06505151103,0.08262518494,3
-0.1118471577,-0.4304313656,3
0.05213296372,-0.5817766814,3
0.1277566145,-0.7178098618,3
0.1602395404,-0.7427977067,3
0.1921238937,-0.3383627227,3
-0.04344256413,-0.3912660884,3
0.1497229557,-0.01576086,3
0.1592447016,-0.841852969,3
0.06926272419,-0.8953655504,3
0.1963862079,-0.2678911809,3
-0.007433895313,0.1032914253,3
-0.1281855861,-0.3483184932,3
0.02332987188,-0.2178115401,3
-0.03311387755,-0.3864713562,3
-0.0966054194,0.505516324,3
-0.1765242815,-0.05915683762,3
-0.01943967159,-0.4783696805,3
-0.008342508454,-0.4057864957,3
-0.07355572545,-0.1307156769,3
-0.04969936211,0.02918987036,3
-0.3036932405,0.1330644296,3
0.09587353703,-0.2675498679,3
0.1970270362,-0.5458142108,3
-0.07311985008,0.1999972758,3
-0.1035427409,-0.3545986247,3
-0.1817147974,-0.1845076982,3
0.07692267922,-0.2149189881,3
0.0609044874,-0.3004112822,3
-0.1221121157,0.2664086924,3
0.1054777549,0.1447492395,3
-0.02945512791,-0.8343599019,3
0.1248583921,-0.4206746335,3
-0.0831471624,-0.6502571261,3
0.5190194835,-0.8265173135,3
-0.1523737468,-0.08512903015,3
0.03684105893,-0.4531937987,3
-0.1680102731,0.175436119,3
-0.3226024036,0.5650027849,3
0.2114504286,-0.8937993627,3
0.04119591366,-0.5407407045,3
-0.03561455523,-0.2083393759,3
-0.005065068001,-0.08149948941,3
0.1074446655,-0.6647577655,3
0.2990816748,-0.6553146605,3
0.09425518093,-0.3548732507,3
0.0784196072,-0.5142616601,3
-0.02165058633,-0.3653835397,3
-0.03287234669,-0.4156387021,3
-0.007825750685,-0.3304839663,3
0.1373253732,-0.4533382103,3
0.08607645543,-0.4630566195,3
0.2746457094,-1.149861274,3
0.1945281913,-0.1163284137,3
0.2361858934,-0.6947721833,3
0.142657297,-0.7546933886,3
-0.007603055306,0.09502169296,3
-0.1617996347,0.1654382909,3
0.08529815935,-0.139546051,3
-0.3281341705,0.4455424984,3
0.2632031442,-0.3463707786,3
0.1674170527,-1.038691635,3
-0.2914021136,-0.2356864888,3
0.2543822568,-0.5880593015,3
-0.04502048559,-0.3808001762,3
-0.09861998648,0.2869623462,3
-0.04806926166,0.5508691425,3
-0.008837573662,-0.4528370135,3
0.2251386994,-1.029228746,3
0.227338937,-0.7690137562,3
-0.1088509987,0.2390024191,3
-0.3286169366,0.9565304482,3
0.09355207076,-0.8957923315,3
-0.09137296873,-0.1723256506,3
0.1715692982,-0.490938615,3
0.08938962188,-0.3782900849,3
-0.2321524044,-0.3782325186,3
-0.03799342323,-0.3843471493,3
0.1949585104,-0.922789096,3
-0.09547043396,0.4605853412,3
-0.1171570852,0.07686402825,3
-0.3167932513,0.4607706281,3
-0.1395328579,-0.2311462552,3
0.1548439795,-0.5149686766,3
-0.1558659037,0.02560030184,3
-0.2747696776,-0.422734338,3
0.2098886674,-1.067226017,3
-0.2183450004,0.4426447177,3
0.2205227767,-0.4465075948,3
-0.13511159,0.7555686487,3
0.4283789469,-0.9447977545,3
-0.213739791,0.342789656,3
-0.2352641125,-0.07270318413,3
-0.2202018605,0.3837264676,3
-0.370974586,0.3147760493,3
0.1422404103,-0.9886143416,3
-0.1695674612,-0.3811205798,3
-0.1091696655,-0.3936642654,3
0.1299681907,-0.6584903563,3
-0.09352632547,-0.006690613154,3
0.07712260846,-0.532322944,3
-0.1123495284,0.5011279167,3
-0.07255079868,-0.3412575734,3
0.1021444289,-0.7173875422,3
0.05696817307,-0.6257920433,3
0.04471905712,-0.05320884193,3
-0.04755125139,0.06314229945,3
0.03153549968,-0.4175854492,3
0.07946408809,-0.4661361451,3
0.1661157948,-0.6251437276,3
-0.1662464413,-0.2810079662,3
0.1214798973,-0.2290341383,3
-0.2704580379,-0.2390467478,3
0.06195708841,-0.7002204885,3
0.1864476184,-0.8219260382,3
0.1247657251,-0.07702274328,3
0.1189743031,-0.6761328815,3
0.05319700933,-0.7777175911,3
-0.1203991749,-0.3642517527,3
0.1334020798,-0.6429130641,3
0.1293545006,-0.4792115726,3
-0.276105304,-0.04550598306,3
-0.4140490496,-0.1942199229,3
0.1910295081,-0.4232895174,3
0.09362286992,-0.4374371056,3
0.0220727937,-0.2452450957,3
0.02516362389,-0.7148800181,3
0.1254454469,-0.07832299958,3
0.1422448562,-0.2423457306,3
0.2856620552,-0.7503966907,3
0.06751136029,-0.5715402786,3
0.0002441905709,-0.3461799408,3
-0.08745127094,0.04803491365,3
-0.01020235063,-0.1647749669,3
-0.06283256744,-0.3686070475,3
-0.1130342888,0.1999275817,3
-0.01548681926,-0.001370712417,3
-0.07789480641,0.7551495516,3
-0.0354069247,-0.4027970437,3
0.1384918313,-0.2902097325,3
-0.0590113095,-0.5492535437,3
0.1256500665,-0.5020306686,3
0.2160790587,-0.3664991365,3
-0.1177701619,-0.3184183718,3
0.03454091971,0.2481575542,3
0.1148526174,-0.8737864176,3
-0.2515588158,0.2956719961,3
0.01776129857,-0.3495667421,3
-0.2606483102,-0.3534334237,3
0.1545275922,-0.3864158233,3
0.3342857057,-0.8903517844,3
-0.2998179773,1.030697993,3
0.01266673694,-0.7871294038,3
0.3424757247,-0.6455571335,3
-0.08080995024,0.2507481539,3
0.1517010206,-0.8785043283,3
-0.2639974918,0.3846399924,3
-0.006235720495,0.2050086019,3
0.06856703175,-0.6273921139,3
-0.0678955167,0.2515458503,3
-0.3093914941,0.4964741294,3
-0.06771782635,0.1489067238,3
0.02691184378,-0.2483064819,3
0.09831171077,-0.6336739108,3
-0.04596657188,0.1923197496,3
0.03154111993,0.1282978154,3
-0.3165866866,0.1129943632,3
-0.2146591857,0.5743297815,3
-0.2408735008,-0.405443197,3
0.01757169834,0.1511851407,3
0.1519533928,-0.6874885295,3
0.4613939113,-0.7205053894,3
0.001031120814,-0.1168017376,3
0.07679059754,0.3479651077,3
-0.2029106668,-0.540015013,3
-0.006491596806,-0.845091294,3
-0.002729868947,-0.3475835495,3
-0.02624907162,-0.08314046376,3
0.1853821371,-0.4418291423,3
0.4247985588,-0.5899111058,3
-0.01625635419,-0.6591290179,3
0.1499225269,-0.7536677083,3
0.07921124346,-0.8468377764,3
0.323773546,-0.5239190755,3
0.4827142698,-0.7017500278,3
0.145047861,-0.4258290056,3
-0.255253842,-0.006917991836,3
-0.05042373674,-0.560509856,3
-0.3375117212,-0.4911498233,3
0.1534605511,0.07786988017,3
0.06016826856,-0.4176787236,3
-0.1174090729,-0.138283779,3
-0.06793487923,-0.07230132675,3
0.07132187238,-0.6191151383,3
0.07168983206,-0.2960026539,3
0.09762999324,-0.1393896282,3
0.04097768995,-0.9879761879,3
0.09217957825,-0.5500078265,3
0.3033066611,-0.5050433947,3
0.277754614,-0.3124153154,3
0.004585995144,-0.3219000128,3
-0.03015951518,-0.6365034407,3
-0.0722083315,-0.04714970114,3
-0.01931946186,-0.4574554642,3
-0.2543992007,0.2090556422,3
0.07679647611,-0.7801974925,3
0.2305295231,-0.6989255433,3
0.3293342674,-0.595567215,3
-0.2213761178,-0.06997466398,3
0.1258432085,0.2706547899,3
0.143416262,-0.8692960158,3
0.08747980778,-0.3228189832,3
-0.08386073598,0.219997728,3
0.003649392949,-0.3460706089,3
-0.1336295029,-0.1841272353,3
0.3661514617,-1.28495465,3
0.06380039506,-0.4891883467,3
0.107627175,-0.63498717,3
0.1006209084,-0.5209315721,3
-0.1722496156,0.6095734122,3
0.2131999578,-0.8756275184,3
0.08228062637,-0.368946108,3
-0.3330915287,0.1327521556,3
-0.2020274272,-0.2149380258,3
-0.1092687359,-0.4856073152,3
-0.1387344749,-0.4055756151,3
-0.2237413423,-0.003086525731,3
-0.03270764138,-0.2100038232,3
-0.080561358,-0.3456262508,3
0.1602838558,-0.7580073006,3
-0.3172344369,0.3477179588,3
0.06978092984,-0.5998374315,3
0.01769521157,-0.4300694092,3
0.343664872,-0.606928704,3
-0.145452315,0.05165479897,3
0.1218982115,-0.4108116561,3
-0.03277394424,-0.3944216613,3
0.2280569807,-0.382462369,3
0.02193426978,-0.6644076437,3
-0.1504624167,0.2207730173,3
0.255457166,-0.7843544474,3
-0.2875696801,0.2993043189,3
-0.02123956116,0.005935506914,3
-0.02588006335,-0.443386178,3
-0.4097618156,0.3999075479,3
-0.03920678014,-0.344877837,3
-0.01402061245,0.2117764634,3
0.1433563091,-0.8408159856,3
0.0389965822,-0.6959577631,3
-0.1602638979,0.1765668922,3
0.09918660717,-0.3093542991,3
-0.1479941476,-0.3220953119,3
-0.005267831147,-0.3761834358,3
-0.249931752,0.4627805586,3
-0.4633388484,0.3038438542,3
-0.03554759713,-0.5527228985,3
-0.1423223593,-0.01743807592,3
-0.1291811132,-0.1662153458,3
-0.07304654636,-0.4990227967,3
-0.2422412513,-0.2167775457,3
0.1642633431,-0.5223719554,3
0.1305120088,-0.267290922,3
-0.01514315594,-0.367517326,3
-0.1211617114,-0.01561093002,3
0.2256932579,-1.100865736,3
-0.06736838108,-0.619776715,3
-0.1831188501,0.187709118,3
0.250277901,-1.415104425,3
0.02863728498,-0.3632084414,3
0.1966441344,-1.104295937,3
0.002308374066,0.1935680862,3
-0.03917820092,-0.2033369183,3
0.2770954526,-0.3400725236,3
0.06200062263,-0.07582934802,3
-0.2148749262,-0.2051908174,3
0.07944646418,-0.3880681017,3
0.1831742551,-0.646901129,3
0.09950826127,-0.9205120017,3
0.1238015864,-0.4788853659,3
-0.1365125863,0.1970479427,3
-0.1800289543,-0.440961441,3
0.1204021487,-0.3548992043,3
0.1775793252,-0.4198693378,3
-0.05296616369,-0.7020628491,3
-0.1623631549,0.07495540935,3
0.08906388312,-0.5339785521,3
-0.1491860674,0.07800549905,3
-0.01848403949,-0.5411634872,3
-0.105126209,0.1395232429,3
-0.2191499291,-0.3442363834,3
0.3067816483,-0.7169838979,3
0.1001477014,-0.6029378679,3
-0.1418034529,0.3101282728,3
-0.2294929247,0.222303067,3
-0.1360969655,0.1465825177,3
-0.007565405811,-0.03330333004,3
-0.2503598243,-0.1617978717,3
0.03571609282,0.3159435075,3
0.1094153167,-0.4478637329,3
0.3564424267,-0.918411577,3
-0.1146120205,-0.692092754,3
0.2804194593,-0.7366824115,3
-0.007428829565,0.1609340327,3
-0.1134051012,0.5100146497,3
-0.04427080058,0.06122009977,3
0.2252252972,-0.9445820326,3
-0.1110613681,-0.4378852899,3
0.1010859035,-0.3848865738,3
-0.01054035071,0.06558117119,3
-0.09590464536,-0.02846864984,3
0.06788786105,0.2624235808,3
-0.1522449199,0.2638255783,3
0.05450205334,-0.8692364465,3
0.1411674681,-0.8361571867,3
0.05398100826,-0.3887097895,3
-0.1459115598,-0.2768996191,3
0.3869662874,-0.7731660588,3
-0.002878215759,-0.07965658974,3
-0.02075328497,0.1764309818,3
-0.3327278451,0.397858026,3
0.01379894641,0.3068662942,3
0.05237203255,-0.6112610212,3
0.3300233195,-1.112252865,3
0.03248949974,-0.7514602038,3
0.3836401996,-0.749949957,3
-0.03969533179,-0.05308759169,3
0.09805955135,-0.4196030166,3
-0.01835504395,-0.1928082683,3
0.1253818808,-0.3232589615,3
0.06699210587,-0.5029845723,3
0.1473046639,-0.4326563173,3
0.1629611366,-0.7119348049,3
0.04937808675,-0.4656659307,3
-0.1035525678,0.2590825141,3
-0.02899006854,-0.02443015061,3
-0.1204143183,0.1195067722,3
0.0540646463,0.0396477025,3
-0.2785709104,0.4120342156,3
0.257721639,-0.5886958555,3
-0.1824173986,0.2857538332,3
0.214180464,-0.7793379818,3
0.09820431725,-0.4311015255,3
0.1390343288,-0.3035889985,3
-0.05352482581,-0.2883485712,3
0.02432063006,-0.1609917164,3
0.08031055475,-0.5075104274,3
0.06764229739,-0.4269506547,3
0.02334791729,0.221993096,3
-0.1678707494,0.5840469275,3
0.1193522654,-0.24431546,3
0.1065472607,-0.3897969319,3
-0.06172738902,-0.6620833662,3
-0.1975914635,-0.005732655904,3
0.2307315328,-0.9503830948,3
-0.190237897,0.2640606169,3
0.2183028087,-1.342129822,3
-0.1146198098,-0.4315711408,3
0.1998650112,-0.4009124627,3
0.1367450634,-0.7266175222,3
0.07000189285,-0.08057148574,3
0.07763693999,-0.9620552087,3
-0.01059320223,-0.3870323075,3
0.0284877024,-0.6550819331,3
0.004095155396,0.09485999643,3
-0.03047135176,-0.7072938211,3
-0.3334831994,0.1838712447,3
-0.1915832142,0.3429240198,3
0.08530646062,-0.1119346801,3
-0.1382605673,0.4598562572,3
0.2263496257,-0.803730961,3
0.2326504169,-0.5740994632,3
0.2327655102,-0.6217315437,3
-0.2664298306,0.2834295969,3
-0.1728230969,-0.2384309684,3
0.264091333,-0.9773162887,3
-0.1236539016,-0.3920960726,3
0.06532186972,-0.6972564558,3
-0.1783199038,-0.2690391501,3
-0.2086954083,-0.287059684,3
0.1317860064,-0.36922739,3
0.009307962276,-0.2028187654,3
0.1092255273,-0.6403056933,3
0.01073477937,-0.198734152,3
0.1400912725,-0.2670329555,3
-0.3787631199,0.07015938663,3
0.08396123319,-0.1934480761,3
0.1134842001,-0.9460641452,3
-0.3388922551,-0.07007393127,3
0.2186837641,-0.953644682,3
0.05502339047,-0.8257649897,3
0.1625107023,-0.4640256394,3
0.1114094224,-0.6897160537,3
-0.1131733115,0.2997223526,3
0.06954317084,-0.6206835741,3
-0.023016384,0.1803319639,3
0.1080783456,-0.6241505642,3
-0.08580664404,-0.50386735,3
0.004104895962,-0.2353819565,3
-0.1984150669,-0.5523239168,3
-0.2746436119,0.2756050949,3
-0.1976511093,0.4931312395,3
-0.04168220496,-0.1724590064,3